{
    "axiom.tool.rock.smoothing_stddev.description": "0 = keine Glättung\n2 = normale (~ 4 Blöcke) Glättung\n5 = sehr starke (~10 Blöcke) Glättung",
    "axiom.tool.shatter.axis_3d": "3D",
    "axiom.tool.noise_painter.3d_mode": "3D-Modus",
    "axiom.editorui.window.tool_masks.mask_above": "Oberhalb",
    "axiom.editorui.window.active_block": "Aktueller Block",
    "axiom.editorui.window.clipboard.copy_hint": "%s um die Auswahl in die Zwischenablage zu kopieren",
    "gamerule.axiomDoBlockGravity": "(Axiom) Block-Schwerkraft",
    "axiom.keymod.alt": "Alt",
    "axiom.editorui.window.analyze": "Analysieren",
    "axiom.editorui.window.analyze.do_analyze": "Analysieren",
    "axiom.editorui.mainmenu.operations.analyze": "Analysieren...",
    "axiom.editorui.window.create_blueprint.angle": "Winkel",
    "axiom.editorui.window.tool_masks.mask_angle": "Winkel",
    "axiom.widget.any_block_property": "Beliebig",
    "axiom.keybind": "Axiom",
    "axiom.editorui.window.blueprint_browser.sort_by.ascending": "Aufsteigend",
    "axiom.editorui.window.create_blueprint.author": "Ersteller",
    "axiom.buildertool.cancel": "Abbrechen",
    "axiom.editorui.window.analyze.block_type": "Block",
    "axiom.tool.shatter.axis": "Achse",
    "axiom.editorui.window.blueprint_browser.sort_by.block_count": "Block-Anzahl",
    "axiom.tool.generic.brush": "Pinsel",
    "axiom.editorui.window.palette.before": "Vor %s",
    "axiom.editorui.window.tool_masks.mask_below": "Unter",
    "axiom.editorui.window.tool_masks.mask_block": "Block",
    "axiom.editorui.window.world_properties.blocks": "Blöcke",
    "axiom.keybind_categories.basic": "Grundlegend",
    "axiom.tool.magic_select.compare_block": "Block",
    "axiom.tool.noise_painter.block_mode_count": "Block-Anzahl",
    "axiom.tool.noise_painter.blocks": "Blöcke",
    "axiom.widget.cancel": "Abbrechen",
    "axiom.editorui.window.blueprint_browser.add_folder": "Ordner Hinzufügen",
    "axiom.editorui.window.blueprint_browser.automatically_refresh": "Automatische Aktualisierung",
    "axiom.editorui.window.fill.all": "Alles",
    "axiom.editorui.window.palette.add_new_block": "Neuen Block hinzufügen",
    "axiom.editorui.window.palette.add_new_category": "Neue Kategorie hinzufügen",
    "axiom.editorui.window.palette.after": "Nach %s",
    "axiom.editorui.window.tool_masks.mask_any": "Beliebig",
    "axiom.editorui.window.palette.add_block_to": "Block zu %s hinzufügen",
    "axiom.editorui.window.create_shape.advanced": "Fortgeschritten",
    "axiom.tool.biome_painter": "Biom Pinsel",
    "axiom.tool.generic.advanced_options": "Fortgeschritten",
    "axiom.editorui.window.palette.are_you_sure_delete": "Bist du dir sicher, dass du '%s' löschen möchtest?",
    "axiom.tool.roughen.mode_add": "Hinzufügen",
    "axiom.tool.ruler.add_point": "Punkt Hinzufügen",
    "axiom.keybind_capabilities": "Axiom (Fähigkeiten)",
    "axiom.tutorial.history": "Axiom speichert die Änderungen an den Blöcken, sodass man diese widerrufen und wiederherstellen kann. (Tipp: Linksklick spult zurück, Rechtsklick zeigt die Änderungen)",
    "gamerule.axiomPlayerInvulnerability": "(Axiom) Spieler Unverwundbar",
    "axiom.history_description.biome_painted": "Biom Pinsel hat %s Blöcke verändert",
    "axiom.tool.smooth.block_ratio": "Block-Verhältnis",
    "axiom.editorui.window.world_properties.block_gravity": "Block-Schwerkraft",
    "axiom.editorui.window.blueprint_browser": "Bauplan Browser",
    "axiom.editorui.window.create_blueprint.bp_filter_description": "Bauplan Dateien",
    "axiom.editorui.window.fill.bottom": "Unten",
    "axiom.tool.magic_select.compare_blockstate": "Block-Zustand",
    "axiom.tool.box_select": "Rahmen Auswahl",
    "axiom.capability.bulldozer.title": "Bulldozer",
    "axiom.capability.force_place.description": "Block-Platzier-Einschränkungen Umgehen",
    "axiom.buildertool.clone": "Klonen",
    "axiom.editorui.mainmenu.edit.copy": "Kopieren",
    "axiom.editorui.mainmenu.create": "Erstellen",
    "axiom.editorui.crosshair": "Fadenkreuz",
    "axiom.editorui.mainmenu.create.cuboid": "Quader...",
    "axiom.editorui.mainmenu.toolmasks.clear": "Leeren",
    "axiom.editorui.window.analyze.clear_information": "Leeren",
    "axiom.editorui.window.blueprint_browser.close": "Schließen",
    "axiom.editorui.window.blueprint_browser.confirm": "Bestätigen",
    "axiom.editorui.window.analyze.block_count": "Anzahl",
    "axiom.editorui.window.clipboard.clear": "Leeren",
    "axiom.editorui.window.clipboard": "Zwischenablage",
    "axiom.editorui.window.create_shape.cone": "Kegel",
    "axiom.editorui.window.create_shape.copied": "Kopiert!",
    "axiom.editorui.window.create_shape.copy_to_clipboard": "In die Zwischenablage kopieren",
    "axiom.editorui.window.create_blueprint": "Bauplan erstellen",
    "axiom.editorui.window.create_shape": "Form erstellen",
    "axiom.editorui.window.create_shape.cuboid": "Quader",
    "axiom.history_description.cloned": "%s Blöcke geklont",
    "axiom.keybinds.copy": "Kopieren",
    "axiom.tool.clentaminator.clear": "Leeren",
    "axiom.tool.magic_select.compare_mode": "Vergleichen",
    "axiom.tool.shape.cube": "Würfel",
    "axiom.widget.confirm": "Bestätigen",
    "axiom.widget.create_blueprint_tag": "Stichwort erstellen",
    "axiom.editorui.mainmenu.select.clear": "Leeren",
    "axiom.tool.slope.mode_cone": "Kegel",
    "axiom.editorui.mainmenu.create.cone": "Kegel...",
    "axiom.buildertool.confirm": "Bestätigen",
    "axiom.keymod.ctrl": "Strg",
    "axiom.editorui.mainmenu.edit.cut": "Ausschneiden",
    "axiom.editorui.mainmenu.create.cylinder": "Zylinder...",
    "axiom.editorui.window.blueprint_browser.delete": "Löschen",
    "axiom.editorui.window.blueprint_browser.disable_auto_refresh": "Automatische Aktualisierung ausschalten",
    "axiom.editorui.window.blueprint_browser.sort_by.descending": "Absteigend",
    "axiom.editorui.window.create_shape.cylinder": "Zylinder",
    "axiom.editorui.window.palette.delete": "Lösche %s",
    "axiom.editorui.window.world_properties.day": "Tag",
    "axiom.history_description.deleted": "%s Blöcke gelöscht",
    "axiom.history_description.deselected": "%s Blöcke nicht mehr ausgewählt",
    "axiom.keybinds.cut": "Ausschneiden",
    "axiom.tool.clentaminator.decorations": "Verzierung",
    "axiom.tool.clentaminator.dirt_ground": "Erd-Untergrund",
    "axiom.widget.delete": "Löschen",
    "axiom.history_description.deselected_all": "Block-Auswahl Zurückgesetzt",
    "axiom.editorui.window.distort_selection.distance": "Entfernung",
    "axiom.tool.distort.distance": "Entfernung",
    "axiom.tool.distort.distance_x": "Entfernung X",
    "axiom.tool.distort.distance_z": "Entfernung Z",
    "axiom.tool.distort.distance_y": "Entfernung Y",
    "axiom.capability.bulldozer.description": "Halte %s gedrückt um Blöcke sehr schnell abzubauen",
    "axiom.editorui.mainmenu.edit": "Bearbeiten",
    "axiom.capability.force_place.title": "Platzierung Erzwingen",
    "axiom.editorui.mainmenu.help": "Hilfe",
    "axiom.editorui.hold_for_more_options": "Halte %s für mehr Informationen gedrückt",
    "axiom.editorui.mainmenu.select.distort": "Verzerren...",
    "axiom.editorui.mainmenu.operations.drain": "Austrocknen",
    "axiom.editorui.mainmenu.toolmasks.edit": "Bearbeiten",
    "axiom.editorui.mainmenu.select.expand": "Erweitern...",
    "axiom.editorui.mainmenu.operations.fill_nearest": "Nächste Füllen",
    "axiom.editorui.mainmenu.operations.fill_outline": "Außenlinie Füllen",
    "axiom.editorui.mainmenu.operations.fill_top": "Oben Füllen...",
    "axiom.editorui.mainmenu.operations.fill_outline_description": "Füllt alle Kanten der Auswahl mit einem Block",
    "axiom.editorui.mainmenu.operations.fill_walls_description": "Füllt die horizontalen Kanten der Auswahl mit Blöcken",
    "axiom.editorui.mainmenu.operations.fill_description": "Füllt die Auswahl mit Blöcken",
    "axiom.editorui.mainmenu.operations.fill_top_description": "Füllt die oberen Kanten der Auswahl mit Blöcken",
    "axiom.editorui.mainmenu.operations.fill": "Füllen...",
    "axiom.editorui.mainmenu.operations.gravity": "Schwerkraft",
    "axiom.editorui.window.blueprint_browser.edit_blueprint": "Bauplan Bearbeiten",
    "axiom.editorui.window.active_block.edit_properties_below": "*Eigenschaften unterhalb bearbeiten",
    "axiom.editorui.window.blueprint_browser.move_file_already_exists": "Die Datei %s existiert bereits im Verzeichnis",
    "axiom.editorui.window.distort_selection.do_distort": "Verzerren",
    "axiom.editorui.window.distort_selection": "Verzerrungs-Auswahl",
    "axiom.editorui.window.expand_selection.do_expand": "Erweitern",
    "axiom.editorui.window.expand_selection": "Auswahl Erweitern",
    "axiom.editorui.window.expand_selection.expand_selection_by": "Auswahl Erweitern um",
    "axiom.editorui.window.fill": "Füllen",
    "axiom.editorui.window.create_shape.hollow": "Hohl",
    "axiom.editorui.window.target_info.distance": "Entfernung: %s",
    "axiom.editorui.window.palette.invalid_name_duplicate": "Doppelter Name: %s existiert schon",
    "axiom.editorui.window.set_biome.fill_vertically": "Vertikal Füllen",
    "axiom.editorui.window.palette.invalid_name_blank": "Ungültiger Name: Feld darf nicht leer sein",
    "axiom.editorui.window.palette.invalid_name_contains_hash": "Ungültiger Name: Eingabe darf nicht '#' beinhalten",
    "axiom.editorui.window.tool_masks.mask_all": "Alles",
    "axiom.editorui.window.tool_masks.mask_inselection": "In der Auswahl",
    "axiom.editorui.window.world_properties.freeze_time": "Zeit Einfrieren",
    "axiom.history_description.distorted": "Verzerrte %s Blöcke",
    "axiom.history_description.expanded": "%s Blöcke erweitert",
    "axiom.history_description.flatten_tool": "Ebnungs-Werkzeug (%s Blöcke)",
    "axiom.keybind_categories.edit": "Bearbeiten",
    "axiom.keybind_options.invert_camera_rotate": "Kamera Rotation Invertieren",
    "axiom.tool.clentaminator.fertile_ocean_floor": "Fruchtbarer Meeresboden",
    "axiom.tool.biome_painter.fill_vertically": "Vertikal Füllen",
    "axiom.tool.clentaminator.allow_tall_grass": "Hohes Gras erlauben",
    "axiom.tool.distort": "Verzerren",
    "axiom.tool.distort.distortion": "Verzerrung",
    "axiom.tool.extrude.mode.expand": "Erweitern",
    "axiom.tool.flatten": "Ebnen",
    "axiom.tool.freehand_draw": "Freihand Pinsel",
    "axiom.tool.freehand_select": "Freihand Auswahl",
    "axiom.tool.clentaminator.gravel_ground": "Kiesboden",
    "axiom.tool.heightmap.height": "Höhe",
    "axiom.tool.selection.add": "Hinzufügen",
    "axiom.tool.slope.tutorial2": "Vom Startpunkt ziehen um eine Neigung zu Malen",
    "axiom.tool.smooth.fix_edges": "Kanten Reparieren",
    "axiom.tutorial.tool_options": "Hier findest du die Einstellungen für dein ausgewähltes Werkzeug. Informationen zu den einzelnen Werkzeugen findest du unter Hilfe > Dokumentation",
    "axiom.widget.add_blueprint_tag": "Stichwort Hinzufügen",
    "axiom.widget.error": "Fehler",
    "axiom.widget.false_block_property": "Falsch",
    "axiom.widget.from_block": "Aus",
    "axiom.history_description.drew": "%s Blöcke Gemalt",
    "axiom.editorui.window.blueprint_browser.file_missing_message1": "Die Datei '%s' existiert nicht mehr!",
    "axiom.editorui.mainmenu.operations.fill_category": "Füllen",
    "axiom.editorui.mainmenu.operations.fill_walls": "Wände füllen...",
    "axiom.editorui.mainmenu.operations.fill_bottom_description": "Füllt die unteren Kanten der Auswahl mit Blöcken",
    "axiom.keybinds.quick_fill.fill_with": "Füllen mit...",
    "axiom.buildertool.first_point": "Erster Punkt",
    "axiom.tool.clentaminator.grass": "Gras",
    "axiom.editorui.window.history": "Geschichte",
    "axiom.tool.rock.noisiness.description": "Wie stark werden Blöcke vom Rausch-Feld beeinflusst\n0= kein Rauschen, Kreisförmig\n1= starkes Rauschen, Klecksartig",
    "axiom.tool.ruler.information": "Information",
    "axiom.tool.sculpt_draw.invert": "Invertieren",
    "axiom.buildertool.move": "Bewegen",
    "axiom.capability.airplane.title": "Verbessertes Fliegen",
    "axiom.editorui.mainmenu.help.keybinds": "Tastenkombinationen...",
    "axiom.capability.no_updates.title": "Keine Updates",
    "axiom.editorui.mainmenu.select.mask": "Maskieren...",
    "axiom.editorui.window.analyze.block_distribution": "Verteilung",
    "axiom.editorui.view.main_name": "Haupt",
    "axiom.editorui.multiple_keybinds": "Mehrere",
    "axiom.editorui.view.create_new": "Neue Ansicht",
    "axiom.editorui.view.new_view_name": "Neue Ansicht",
    "axiom.editorui.window.blueprint_browser.sort_by.name": "Name",
    "axiom.editorui.window.clipboard.empty": "Leer",
    "axiom.editorui.window.fill.inside": "Innen",
    "axiom.editorui.window.clipboard.placement_options.keep_existing": "Erhalten",
    "axiom.editorui.window.create_blueprint.name": "Name",
    "axiom.editorui.window.keybinds": "Tastenkombinationen",
    "axiom.editorui.window.mask_selection": "Maskierte Auswahl",
    "axiom.editorui.window.history.no_history": "Keine Geschichte",
    "axiom.editorui.window.tool_masks.logic": "Logik",
    "axiom.editorui.window.mask_selection.mask": "Maskieren",
    "axiom.editorui.window.tool_masks.masks": "Masken",
    "axiom.editorui.window.tool_masks.mask_near": "Nahe",
    "axiom.editorui.window.tool_masks.mask_neighbor": "Benachbart",
    "axiom.editorui.window.tool_options.no_active_tool": "Kein aktives Werkzeug",
    "axiom.editorui.window.world_properties.block_drops": "Blöcke werden Fallengelassen",
    "axiom.editorui.window.world_properties.mob_spawning": "Monster Spawnen",
    "axiom.history_description.melted": "%s Blöcke Geschmolzen",
    "axiom.history_description.moved": "%s Blöcke bewegt",
    "axiom.keybind_categories.movement": "Bewegung",
    "axiom.keybinds.flip_placement": "Platzierung Umkehren",
    "axiom.keybinds.move_backward": "Rückwärts bewegen",
    "axiom.keybinds.move_down": "Abwärts bewegen",
    "axiom.keybinds.move_left": "Nach Links bewegen",
    "axiom.keybinds.move_quick": "Schnell bewegen (Sprinten)",
    "axiom.keybinds.move_right": "Nach Rechts bewegen",
    "axiom.keybinds.move_up": "Aufwärts bewegen",
    "axiom.tool.elevation": "Höhe",
    "axiom.tool.clentaminator.grassiness": "Gras-Dichte",
    "axiom.tool.generic.limit": "Grenze",
    "axiom.tool.generic.live_preview": "Echtzeit-Vorschau",
    "axiom.tool.elevation.lower": "Absenken",
    "axiom.tool.generic.mask_surface": "Oberfläche Maskieren",
    "axiom.tool.elevation.raise_lower_mode": "Modus",
    "axiom.tool.extrude.mode": "Modus",
    "axiom.tool.extrude.displace_expand_description": "Verschiebt 1 Block dicke Oberflächen anstatt diese zu klonen",
    "axiom.tool.extrude.displace_shrink_description": "Verschiebt 1 Block dicke Oberflächen anstatt diese zu löschen",
    "axiom.tool.magic_select": "Magische Auswahl",
    "axiom.tool.melt": "Schmelzen",
    "axiom.tool.ruler.maximum": "Maximal = %s, %s, %s",
    "axiom.tool.ruler.no_information": "N/V",
    "axiom.tool.sculpt_draw.denoise": "Entrauschen",
    "axiom.tool.sculpt_draw.mask_y": "Y Maskieren",
    "axiom.tool.selection.mode": "Modus",
    "axiom.tool.smooth.mode_grow": "Wachsend",
    "axiom.tool.smooth.mode_melt": "Schmelzen",
    "axiom.tool.smooth.modifiers": "Modifikatoren",
    "axiom.editorui.window.blueprint_browser.overflow_files_message": "Große Menge an Datei-Veränderungen erkannt",
    "axiom.editorui.window.world_properties.fire_tick": "Ausbreitung von Feuer",
    "axiom.tool.noise_painter.gain": "Gewinn",
    "axiom.tool.noise_painter.lacunarity": "Lakunarität",
    "axiom.tool.rock.meld_strength": "Verschmelzungs-Stärke",
    "axiom.tool.ruler.minimum": "Minimum =%s, %s, %s",
    "axiom.tool.slope.mode": "Modus",
    "axiom.capability.airplane.description": "Genauerer Flug - Kein Schwung und Bewegung in Kamera-Richtung",
    "axiom.editorui.window.blueprint_browser.move_file": "Bewegen",
    "axiom.keybinds.move_forward": "Vorwärts bewegen",
    "axiom.editorui.window.blueprint_browser.new_folder": "Neuer Ordner",
    "axiom.editorui.window.blueprint_browser.new_folder_i": "Neuer Ordner (%s)",
    "axiom.editorui.window.world_properties.night": "Nacht",
    "axiom.editorui.window.blueprint_browser.file_missing": "Datei existiert nicht!",
    "axiom.editorui.no_keybind": "Keine",
    "axiom.editorui.window.fill.outline": "Umfang",
    "axiom.editorui.window.tool_masks.mask_not": "Nicht",
    "axiom.editorui.window.world_properties.noon": "Mittag",
    "axiom.keybind.orbit_camera": "Orbit Kamera",
    "axiom.tool.shape.octahedron": "Oktaeder",
    "axiom.widget.ok": "OK",
    "axiom.editorui.window.blueprint_browser.overflow_files": "Überfüllt!",
    "axiom.editorui.window.blueprint_browser.move_file_overwrite": "Überschreiben",
    "axiom.history_description.painted": "%s Blöcke gemalt",
    "axiom.tool.painter": "Pinsel",
    "axiom.editorui.window.palette": "Palette",
    "axiom.capability.no_updates.description": "Verhindert Updates von benachbarten Blöcken beim Platzieren/Zerstören",
    "axiom.editorui.mainmenu.create.pyramid": "Pyramide...",
    "axiom.editorui.pin_location": "Ort fixieren",
    "axiom.editorui.pin_world": "Welt fixieren",
    "axiom.editorui.window.clipboard.placement_options.paste_air": "Luft mit Einfügen",
    "axiom.editorui.window.create_shape.pitch": "Nicken",
    "axiom.editorui.window.create_shape.do_place": "Platzieren",
    "axiom.editorui.window.clipboard.placement_options": "Platzierungs Optionen",
    "axiom.editorui.window.create_shape.pyramid": "Pyramide",
    "axiom.editorui.window.target_info.position": "Position: %s, %s, %s",
    "axiom.editorui.window.world_properties.player": "Spieler",
    "axiom.editorui.window.world_properties.player_invulnerability": "Spieler Unverwundbarkeit",
    "axiom.history_description.placed_blueprint": "%s Platziert",
    "axiom.history_description.placed": "%s Blöcke Platziert",
    "axiom.keybind_categories.placement": "Platzierung",
    "axiom.keybinds.pan_camera": "Schwenk Kamera",
    "axiom.keybinds.paste": "Einfügen",
    "axiom.keybinds.pick_block": "Block auswählen",
    "axiom.tool.box_select.position": "Position",
    "axiom.tool.noise_painter.probability_density": "Wahrscheinlichkeitsdichte",
    "axiom.tool.ruler.point_i": "Punkt %s",
    "axiom.tool.ruler.points": "Punkte",
    "axiom.tool.slope.mode_plane": "Ebene",
    "axiom.widget.block_properties": "Eigenschaften",
    "axiom.tool.ruler.pitch": "Nicken = %s",
    "axiom.editorui.mainmenu.edit.redo_named": "%s Wiederholen",
    "axiom.editorui.mainmenu.edit.redo": "Wiederholen",
    "axiom.capability.replace_mode.title": "Ersetzungsmodus",
    "axiom.capability.replace_mode.description": "Blöcke Rechtsklicken, um sie durch den gehaltenen Block zu ersetzen",
    "axiom.editorui.mainmenu.operations.fill_nearest_description": "Luft-Blöcke mit dem nächstgelegenen Nicht-Luftblock ersetzen",
    "axiom.editorui.mainmenu.operations.replace": "Ersetzen...",
    "axiom.editorui.right_mouse_short": "RMT",
    "axiom.editorui.middle_mouse_short": "MMT",
    "axiom.editorui.window.blueprint_browser.reload": "Neu laden",
    "axiom.editorui.window.blueprint_browser.rename_file": "Datei Umbenennen",
    "axiom.editorui.window.create_shape.radius": "Radius",
    "axiom.editorui.window.palette.recently_used": "Kürzlich verwendet",
    "axiom.editorui.window.palette.remove_block": "Block Entfernen",
    "axiom.editorui.window.palette.rename": "%s Umbenennen",
    "axiom.editorui.window.replace": "Ersetzen",
    "axiom.editorui.window.replace.do_replace": "Ersetzen",
    "axiom.editorui.window.world_properties.random_tick_speed": "Häufigkeit zufälliger Ticks",
    "axiom.keybinds.quick_fill": "Schnell Auffüllen",
    "axiom.keybinds.quick_replace": "Schnell Ersetzen",
    "axiom.keybinds.quick_replace.replace_from": "Ersetzen (aus)",
    "axiom.keybinds.quick_replace.replace_to": "Ersetzen (wird)",
    "axiom.keybinds.redo": "Wiederholen",
    "axiom.tool.generic.brush_radius": "Radius",
    "axiom.tool.elevation.raise": "Anheben",
    "axiom.tool.generic.noise_seed_do_randomize": "Zufälliger Seed",
    "axiom.tool.magic_select.range": "Reichweite",
    "axiom.tool.generic.reset_to_default": "Auf Standardwerte Zurücksetzen",
    "axiom.tool.rock.noise_field_seed.hint": "Zufällig",
    "axiom.tool.roughen.mode_remove": "Entfernen",
    "axiom.tool.ruler.remove_point_i": "Punkt %s entfernen",
    "axiom.tool.selection.replace": "Ersetzen",
    "axiom.widget.remove_blueprint_tag": "Entfernen",
    "axiom.widget.rename": "Umbenennen",
    "axiom.tool.noise_painter.metaball_range": "Reichweite",
    "axiom.tool.roughen.ratio": "Verhältnis",
    "axiom.tool.flatten.right_click_to_lock": "Rechtsklicken zum Sperren",
    "axiom.history_description.rock_tool": "Fels Werkzeug (%s Blöcke)",
    "axiom.tool.rock": "Fels Werkzeug",
    "axiom.editorui.mainmenu.edit.save_blueprint": "Bauplan Speichern",
    "axiom.editorui.window.create_shape.roll": "Rollen",
    "axiom.editorui.window.clipboard.placement_options.rotate": "Rotieren...",
    "axiom.editorui.window.create_blueprint.save": "Speichern",
    "axiom.editorui.window.create_blueprint.save_blueprint": "Bauplan Speichern",
    "axiom.history_description.roughen_tool": "Aufrau Werkzeug (%s Blöcke)",
    "axiom.key.scroll_down": "Nach unten Scrollen",
    "axiom.key.scroll_left": "Nach links Scrollen",
    "axiom.key.scroll_right": "Nach rechts Scrollen",
    "axiom.keybinds.rotate_camera": "Kamera Rotieren",
    "axiom.keybinds.rotate_placement": "Platzierung Rotieren",
    "axiom.keybinds.save_blueprint": "Bauplan Speichern",
    "axiom.tool.clentaminator.sand": "Sand",
    "axiom.tool.distort.scale": "Größe",
    "axiom.tool.noise_painter.scale": "Größe",
    "axiom.tool.roughen": "Aufrauen",
    "axiom.tool.ruler": "Lineal",
    "axiom.tool.shatter.scale": "Größe",
    "axiom.buildertool.clone.scroll": "Zum Klonen Scrollen",
    "axiom.buildertool.second_point": "Zweiter Punkt",
    "axiom.buildertool.stack.scroll": "Zum Stapeln Scrollen",
    "axiom.editorui.mainmenu.select": "Auswählen",
    "axiom.key.scroll_up": "Nach oben Scrollen",
    "axiom.tool.generic.noise_seed": "Seed",
    "axiom.buildertool.move.scroll": "Zum Bewegen Scrollen",
    "axiom.buildertool.smear.scroll": "Zum Strecken Scrollen",
    "axiom.editorui.window.create_shape.separate_xyz": "XYT Trennen",
    "axiom.editorui.window.create_shape.separate_xz": "XZ Trennen",
    "axiom.editorui.window.set_biome": "Biom Festlegen",
    "axiom.editorui.window.world_properties.unavailable_description": "Der Server unterstützt die Bearbeitung von Welt-Eigenschaften nicht",
    "axiom.history_description.selected": "%s Blöcke Ausgewählt",
    "axiom.history_description.selected_additional": "+%s Blöcke Ausgewählt",
    "axiom.history_description.set_n_blocks_to": "%s Blöcke zu %s Umgewandelt",
    "axiom.tool.distort.separate_axis": "Getrennte Achsen",
    "axiom.tool.selection": "Auswahl",
    "axiom.widget.select_block": "Block Auswählen",
    "axiom.buildertool.stack": "Stapeln",
    "axiom.editorui.mainmenu.create.sphere": "Kugel...",
    "axiom.editorui.mainmenu.operations.set_biome": "Biom Festlegen...",
    "axiom.editorui.mainmenu.view.show_biomes": "Biome Anzeigen",
    "axiom.editorui.mainmenu.view.show_key_presses": "Tasteneingaben Anzeigen",
    "axiom.editorui.mainmenu.view.show_selection": "Auswahl Anzeigen",
    "axiom.editorui.mainmenu.select.shrink": "Schrumpfen...",
    "axiom.editorui.mainmenu.operations.simulation_category": "Simulation",
    "axiom.editorui.mainmenu.select.smooth": "Glätten...",
    "axiom.editorui.window.blueprint_browser.sort_by": "Sortieren nach",
    "axiom.editorui.window.create_shape.shape": "Form",
    "axiom.editorui.window.create_shape.sphere": "Kugel",
    "axiom.editorui.window.keybinds.conflicts_with": "Diese Tastenbelegung steht im Konflikt mit:",
    "axiom.editorui.window.set_biome.do_set_biome": "Biom Festlegen",
    "axiom.editorui.window.shrink_selection.do_shrink": "Schrumpfen",
    "axiom.editorui.window.shrink_selection": "Auswahl Schrumpfen",
    "axiom.editorui.window.smooth_selection.do_smooth": "Glätten",
    "axiom.editorui.window.smooth_selection": "Glättungs Auswahl",
    "axiom.editorui.window.smooth_selection.stddev": "Standardabweichung",
    "axiom.editorui.window.target_info": "Ziel Information",
    "axiom.editorui.window.target_info.targeted_biome": "Zielbiom: %s",
    "axiom.editorui.window.target_info.targeted_block": "Zielblock: %s",
    "axiom.history_description.shatter": "%s Blöcke Zerschlagen",
    "axiom.history_description.shrunk": "%s Blöcke Geschrumpft",
    "axiom.history_description.slope_tool": "Neigungs Werkzeug (%s Blöcke)",
    "axiom.history_description.smeared": "%s Blöcke Gestreckt",
    "axiom.history_description.smoothed": "%s Blöcke Geglättet",
    "axiom.history_description.stacked": "%s Blöcke Gestapelt",
    "axiom.history_description.text_tool": "Text Werkzeug (%s Blöcke)",
    "axiom.keymod.shift": "Shift",
    "axiom.keybinds.show_biomes": "Biome Anzeigen",
    "axiom.keybinds.show_selection": "Auswahl Anzeigen",
    "axiom.tool.box_select.shrink": "Schrumpfen",
    "axiom.tool.box_select.shrink_description": "Auswahl auf Solide Blöcke Einschränken",
    "axiom.tool.box_select.size": "Größe",
    "axiom.keymod.super": "Super",
    "axiom.tool.generic.brush_shape": "Form",
    "axiom.tool.extrude.mode.shrink": "Schrumpfen",
    "axiom.tool.distort.smooth_edges": "Kanten Glätten",
    "axiom.tool.clentaminator.stone": "Stein",
    "axiom.tool.clentaminator.terrain": "Gelände",
    "axiom.tool.heightmap.sharpness": "Schärfe",
    "axiom.tool.generic.smoothing_options": "Glätten",
    "axiom.tool.magic_select.compare_solid": "Solide",
    "axiom.tool.generic.surface_only": "Nur Oberfläche",
    "axiom.tool.noise_painter.simplex_noise": "Simplex",
    "axiom.tool.rock.smoothing_stddev": "Glättende Standard-Abweichung",
    "axiom.tool.sculpt_draw.strength": "Stärke",
    "axiom.tool.shatter": "Zerschlagen",
    "axiom.tool.shape.sphere": "Kugel",
    "axiom.tool.selection.subtract": "Abziehen",
    "axiom.tool.slope": "Neigung",
    "axiom.tool.text.text_size": "Größe",
    "axiom.tool.smooth": "Glätten",
    "axiom.tutorial.active_block": "Einige Werkzeuge benötigen einen Block zum Platzieren oder Malen. Andere Blöcke indem du auf die Blockzeichen Klickst.",
    "axiom.tool.smooth.mode_stable": "Stabil",
    "axiom.tool.smooth.strength": "Stärke",
    "axiom.tool.weld.strength": "Stärke",
    "axiom.tool.text": "Text",
    "axiom.tool.text.text_input": "Text",
    "axiom.widget.block_tags": "Stichworte",
    "axiom.widget.blueprint_tags": "Stichworte",
    "axiom.buildertool.smear": "Strecken",
    "axiom.capability.tinker.title": "Basteln",
    "axiom.editorui.mainmenu.toolmasks": "Werkzeugmasken",
    "axiom.editorui.window.block_distribution_total": "Komplett",
    "axiom.editorui.window.fill.top": "Oben",
    "axiom.editorui.window.palette.cannot_be_undone": "Dieser Vorgang kann NICHT Rückgängig gemacht werden!",
    "axiom.editorui.window.palette.this_will_delete_children": "Dadurch werden auch alle %s untergeordneten Elemente gelöscht",
    "axiom.editorui.window.smooth_selection.threshold": "Schwelle",
    "axiom.editorui.window.tool_masks": "Werkzeugmasken",
    "axiom.editorui.window.tool_options": "Werkzeug Optionen",
    "axiom.editorui.window.tools": "Werkzeuge",
    "axiom.editorui.window.world_properties.time": "Zeit",
    "axiom.keybind.toggle_bulldozer_cap": "Bulldozer An-/Ausschalten",
    "axiom.keybind.toggle_editor_ui": "Bearbeitungs-Benutzeroberfläche An-/Ausschalten",
    "axiom.keybind.toggle_enhanced_flight_cap": "Verbesserten Flug An-/Ausschalten",
    "axiom.keybind.toggle_force_place_cap": "Erzwungenes Platzieren An-/Ausschalten",
    "axiom.keybind.toggle_no_updates_cap": "Keine Block-Updates An-/Ausschalten",
    "axiom.keybind.toggle_replace_mode_cap": "Ersetz Modus An-/Ausschalten",
    "axiom.keybind.toggle_tinker_cap": "Bastel Werkzeug An-/Ausschalten",
    "axiom.tool.noise_painter.block_mode_threshold": "Schwelle",
    "axiom.tool.weld.threshold": "Schwelle",
    "axiom.tutorial.main_window": "Dies ist das Hauptfenster. \n%s, um die Kamera zu drehen.\n%s, um Werkzeuge zu verwenden.\n%s, um die Arcball-Kamera zu verwenden.\nScrolle, um sich schnell auf einen Punkt zu bzw. von diesem weg zu bewegen",
    "axiom.widget.to_block": "Wird",
    "axiom.tutorial.tools_window": "Dies ist das Werkzeug-Fenster. Hier kannst du Werkzeuge zum Malen, Terraforming, Markieren und mehr auswählen.",
    "axiom.editorui.mainmenu.edit.undo": "Rückgängig machen",
    "axiom.editorui.mainmenu.edit.undo_named": "%s Rückgängig machen",
    "axiom.capability.tinker.description": "Verschiedene nützliche Interaktionen beim Rechtsklick mit der Faust",
    "axiom.editorui.mainmenu.view": "Sicht",
    "axiom.editorui.mainmenu.operations.waterlog": "Unter Wasser setzen",
    "axiom.editorui.spectators_generate_chunks_warning": "Warnung: Die Spielregel „spectatorsGenerateChunks“ ist \"false\". Dies führt zu erheblichen Problemen mit der Editor-Benutzeroberfläche. Bitte setze die Spielregel auf „true“",
    "axiom.editorui.mainmenu.window": "Fenster",
    "axiom.editorui.mainmenu.window.windows": "Fenster",
    "axiom.editorui.window.blueprint_browser.file_browser_other": "Dein System-Dateibrowser",
    "axiom.editorui.window.blueprint_browser.unnamed_blueprint": "Unbenannt",
    "axiom.editorui.window.create_shape.width": "Breite",
    "axiom.editorui.window.create_shape.yaw": "Gieren",
    "axiom.editorui.window.keybinds.unbind": "Lösen",
    "axiom.editorui.window.fill.walls": "Wände",
    "axiom.editorui.window.tool_masks.mask_y": "Y",
    "axiom.editorui.window.world_properties": "Welt Eigenschaften",
    "axiom.editorui.window.world_properties.trample_farmland": "Ackerland Zertrampeln",
    "axiom.editorui.window.world_properties.unavailable": "Nicht Verfügbar",
    "axiom.history_description.welded": "%s Blöcke Geschweißt",
    "axiom.keybind_options.use_vanilla_movement": "Vanilla Movement benutzen",
    "axiom.keybind_categories.view": "Sicht",
    "axiom.keybinds.arcball_camera": "Arcball Kamera",
    "axiom.keybinds.undo": "Rückgängig machen",
    "axiom.keybinds.use_tool": "Werkzeug benutzen",
    "axiom.tool.biome_painter.visualize_biomes": "Biome Anzeigen",
    "axiom.keymod.win_super": "Win",
    "axiom.tool.flatten.unlock_y": "Y Entsperren",
    "axiom.tool.magic_select.compare_any": "Beliebig",
    "axiom.tool.noise_painter.voronoi_edges": "Voronoi-Kanten",
    "axiom.tool.noise_painter.white_noise": "Weißes",
    "axiom.tool.rock.preview_disabled": "Automatisch deaktiviert für Radius > %s",
    "axiom.tool.ruler.total_length_euclidean": "Gesamtlänge (Euklidisch) = %s",
    "axiom.tool.ruler.total_length_manhattan": "Gesamtlänge (Manhattan) = %s",
    "axiom.tool.ruler.yaw": "Gieren = %s",
    "axiom.tool.shatter.axis_x": "X",
    "axiom.tool.shatter.axis_y": "Y",
    "axiom.tool.shatter.use_active_block": "Aktiven Block verwenden",
    "axiom.tool.shatter.axis_z": "Z",
    "axiom.tool.weld": "Schweißen",
    "axiom.widget.true_block_property": "Wahr",
    "axiom.widget.use_blueprint_tag": "Stichwort benutzen",
    "gamerule.axiomDoBlockDrops": "(Axiom) Blöcke werden Fallengelassen",
    "gamerule.axiomDoTrampleFarmland": "(Axiom) Ackerland Zertrampeln",
    "axiom.tool.shatter.width": "Breite",
    "axiom.editorui.window.blueprint_browser.file_browser_win": "Windows Explorer",
    "axiom.tool.noise_painter.worley_noise": "Worley",
    "axiom.editorui.mainmenu.select.bounding_box": "Begrenzungsrahmen",
    "axiom.editorui.mainmenu.operations.fill_bottom": "Unten Füllen...",
    "axiom.editorui.window.blueprint_browser.file_browser_osx": "Suche",
    "axiom.editorui.window.palette.child_of": "Unterkategorie von %s",
    "axiom.editorui.window.palette.custom": "Individuell",
    "axiom.history_description.cut": "%s Blöcke ausgeschnitten",
    "axiom.history_description.elevation_tool": "Höhenwerkzeug (%s Blöcke)",
    "axiom.history_description.extrude_tool": "Extrusions-Werkzeug (%s Blöcke)",
    "axiom.keybind.builder_tool_slot": "Builder Werkzeug Slot",
    "axiom.keybind.context": "Kontext Menü",
    "axiom.tool.slope.tutorial1": "Einmal Klicken um Ziel-Position zu wählen",
    "axiom.tool.clentaminator": "Clentaminator",
    "axiom.keymod.mac_cmd": "Cmd",
    "axiom.tool.extrude.displace": "Verdrängen",
    "axiom.tool.extrude": "Extrudieren",
    "axiom.tool.noise_painter.cumulative_distribution": "Kumulative Verteilung",
    "axiom.tool.rock.meld_strength.description": "Wie stark das Werkzeug mit dem Boden verschmilzt\nDies wird durch 'Glättende Standard-Abweichung' beeinflusst",
    "axiom.tool.ruler.bounding_size": "Begrenzungsgröße = %s, %s, %s",
    "axiom.tool.selection.intersect": "Schneiden",
    "axiom.editorui.window.blueprint_browser.file_missing_message2": "Hast du es über %s verschoben/gelöscht?",
    "axiom.widget.error_biome_registry": "Biom Registrierung existiert nicht!",
    "axiom.editorui.left_mouse_short": "LMT",
    "axiom.editorui.mainmenu.view.liquid_opacity": "Flüssigkeiten-Deckkraft",
    "axiom.editorui.mainmenu.view.min_brightness": "Min. Helligkeit",
    "axiom.editorui.window.target_info.no_target": "Kein Ziel ausgewählt",
    "axiom.editorui.window.world_properties.midnight": "Mitternacht",
    "axiom.tool.distort.iterations": "Iterationen",
    "axiom.tool.flatten.lock_y": "Y Sperren",
    "axiom.tool.flatten.locked_at": "Gesperrt bei: %s",
    "axiom.tool.generic.noise": "Rauschen",
    "axiom.tool.noise_painter": "Rausch Pinsel",
    "axiom.tool.noise_painter.jitter": "Nervosität",
    "axiom.tool.noise_painter.metaball_noise": "Metaball",
    "axiom.tool.noise_painter.noise_preview": "Rausch Vorschau",
    "axiom.tool.rock.noise_field_seed": "Rausch-Feld Seed",
    "axiom.tool.roughen.min_faces": "Min. Flächen",
    "axiom.editorui.mainmenu.operations": "Operationen",
    "axiom.editorui.window.distort_selection.noise_radius": "Rausch Radius",
    "axiom.history_description.sculpt_draw_tool": "Bildhauerrei/Form-Malwerkzeug (%s Blöcke)",
    "axiom.keybind_categories.operations": "Operationen",
    "axiom.tool.noise_painter.octaves": "Oktaven",
    "axiom.tool.rock.noise_radius": "Rausch Radius",
    "axiom.tool.rock.noisiness": "Stärke des Rauscheffekts",
    "axiom.tool.sculpt_draw": "Bildhauerrei/Formen",
    "axiom.widget.search_block": "Suchen",
    "axiom.editorui.mainmenu.help.debug_info": "Debug Info",
    "axiom.editorui.window.clipboard.n_blocks": "%s Blöcke",
    "axiom.editorui.window.debug_info": "Debug Info",
    "axiom.history_description.drained_n": "%s Flüssigkeits-Blöcke entwässert",
    "axiom.editorui.window.create_shape.height": "Höhe",
    "axiom.editorui.window.fill.do_fill": "Füllen",
    "axiom.editorui.mainmenu.help.reset_tutorial": "Tutorial Zurücksetzen",
    "axiom.editorui.window.shrink_selection.shrink_selection_by": "Verkleinere Auswahl um",
    "axiom.history_description.waterlogged_n": "%s Blöcke unter Wasser gesetzt",
    "axiom.editorui.mainmenu.view.ui_scale": "Benutzeroberflächen Größe",
    "axiom.history_description.fill_nearest": "Nächste Füllen (%s Blöcke)",
    "axiom.keybinds.crosshair_camera": "Fadenkreuz",
    "axiom.capability.infinite_reach.title": "Unbegrenzte Reichweite",
    "axiom.capability.infinite_reach.description": "Entfernt die Reichweiten-Beschränkung",
    "axiom.tutorial.selection2": "%s can be used to fill the selection with blocks.\n%s erlaubt dir Blöcke zu ersetzen\n%s/%s/Löschen zum kopieren/ausschneiden/löschen",
    "axiom.editorui.window.keybinds.load_axiom_defaults": "Axiom Standarteinstellungen",
    "axiom.editorui.window.style_editor.base_style": "Basisstil",
    "axiom.editorui.window.style_editor.border_color": "Grenze",
    "axiom.editorui.window.style_editor.borders_category": "Grenzen",
    "axiom.editorui.window.style_editor.button": "Knopf",
    "axiom.editorui.window.style_editor.button_active": "Knopf (Aktiv)",
    "axiom.editorui.window.style_editor.button_hovered": "Knopf (Schwebend)",
    "axiom.editorui.window.style_editor.checkmark": "Häkchen",
    "axiom.editorui.window.style_editor.child_borders": "Grenzen der Unterkategorie",
    "axiom.editorui.window.style_editor.child_rounding": "Unterkategorie Rundungen",
    "axiom.editorui.window.style_editor.color": "Farbe",
    "axiom.editorui.window.style_editor.copied": "Kopiert!",
    "axiom.tutorial.continue": "Fortfahren",
    "axiom.editorui.window.style_editor.custom_theme": "Benutzerdefiniertes Aussehen",
    "axiom.editorui.window.style_editor.disabled_text": "Text Deaktivieren",
    "axiom.editorui.window.style_editor.docking_empty_background": "Andocken eines leeren Hintergrundes",
    "axiom.buildertool.clone.finish": "Fertigstellen",
    "axiom.editorui.window.style_editor.docking_preview": "Docking Vorschau",
    "axiom.editorui.window.style_editor.drag_drop_target": "Drag-Drop-Ziel",
    "axiom.editorui.window.style_editor.export_to_clipboard": "In Zwischenablage Exportieren",
    "axiom.editorui.window.style_editor.frame_category": "Rahmen",
    "axiom.editorui.window.style_editor.frame_background": "Rahmen Hintergrund",
    "axiom.editorui.window.style_editor.frame_background_active": "Rahmen Hintergrund (Aktiv)",
    "axiom.editorui.window.style_editor.frame_background_hovered": "Rahmen Hintergrund (Schwebend)",
    "axiom.editorui.window.style_editor.frame_borders": "Rahmen Grenzen",
    "axiom.editorui.window.style_editor.frame_rounding": "Rahmen Abrundung",
    "axiom.editorui.window.style_editor.header": "Kopfzeile",
    "axiom.editorui.window.style_editor.header_active": "Kopfzeile (Aktiv)",
    "axiom.editorui.window.style_editor.header_hovered": "Kopfzeile (Schwebend)",
    "axiom.editorui.styles.imgui_dark": "ImGui Dunkel",
    "axiom.editorui.styles.imgui_light": "ImGui Light",
    "axiom.editorui.window.keybinds.load_default": "Standarteinstellungen Laden...",
    "axiom.editorui.window.style_editor.import_from_clipboard": "Aus Zwischenablage Importieren",
    "axiom.editorui.window.style_editor.menu_bar_background": "Hintergrund der Menüleiste",
    "axiom.editorui.window.style_editor.other_category": "Andere",
    "axiom.editorui.window.style_editor.popup_background": "Popup Hintergrund",
    "axiom.editorui.window.style_editor.popup_borders": "Popup Grenzen",
    "axiom.editorui.window.style_editor.popup_rounding": "Popup Rundungen",
    "axiom.editorui.window.style_editor.reset": "Zurücksetzen",
    "axiom.editorui.window.style_editor.resize_grip": "Griffgröße anpassen",
    "axiom.editorui.window.style_editor.resize_grip_active": "Grifgröße anpassen (Aktiv)",
    "axiom.editorui.window.style_editor.resize_grip_hovered": "Grifgröße anpassen (Schwebend)",
    "axiom.editorui.window.style_editor.revert": "Zurückkehren",
    "axiom.editorui.window.style_editor.rounding_category": "Rundung",
    "axiom.editorui.window.style_editor.scrollbar_category": "Scrollleiste",
    "axiom.editorui.window.style_editor.scrollbar_background": "Scrollleisten Hintergrund",
    "axiom.editorui.window.style_editor.scrollbar_grab": "Scrollleiste greifen",
    "axiom.editorui.window.style_editor.scrollbar_grab_active": "Scrollleiste greifen (Aktiv)",
    "axiom.editorui.window.style_editor.scrollbar_grab_hovered": "Scrollleiste greifen (Schwebend)",
    "axiom.editorui.window.style_editor.scrollbar_rounding": "Scrollleisten Rundung",
    "axiom.editorui.window.style_editor.separator": "Separator",
    "axiom.editorui.window.style_editor.separator_active": "Separator (Aktiv)",
    "axiom.editorui.window.style_editor.separator_hovered": "Separator (Schwebend)",
    "axiom.editorui.window.style_editor.sizes": "Größen",
    "axiom.editorui.window.style_editor.slider_grab": "Slider greifen",
    "axiom.editorui.window.style_editor.slider_grab_active": "Slider greifen (Aktiv)",
    "axiom.editorui.window.style_editor.slider_grab_rounding": "Slider greifen Rundungen",
    "axiom.editorui.window.style_editor": "Stil-Editor",
    "axiom.editorui.mainmenu.help.style_editor": "Stil-Editor...",
    "axiom.editorui.window.style_editor.tab": "Fenster",
    "axiom.editorui.window.style_editor.tab_active": "Fenster (Aktiv)",
    "axiom.editorui.window.style_editor.tab_hovered": "Fenster (Schwebend)",
    "axiom.editorui.window.style_editor.tab_borders": "Fenster Grenzen",
    "axiom.editorui.window.style_editor.tab_rounding": "Fenster Rundung",
    "axiom.editorui.window.style_editor.text": "Text",
    "axiom.editorui.window.style_editor.text_category": "Text",
    "axiom.editorui.window.style_editor.theme_name": "Aussehens Name",
    "axiom.editorui.window.style_editor.theme_parameters": "Aussehens Parameter",
    "axiom.tutorial.selection1": "Dies ist eine Auswahl.\nMithilfe von Auswahlmöglichkeiten kannst du Werkzeuge und Vorgänge auf bestimmte Teile der Welt anwenden.\nUm eine Auswahl zu löschen, drücke die Eingabetaste",
    "axiom.tutorial.box_select_tool1": "Dies ist das Box-Auswahl-Werkzeug.\nEs wählt Blöcke zwischen zwei Punkten aus",
    "axiom.tutorial.clentaminator_tool": "Das ist der Clentaminator.\nDu kannst mit Gelände- und Dekorationsvorgaben malen.\nNützlich, wenn du einen Bereich sehr schnell stilisieren möchtest",
    "axiom.tutorial.magic_select_tool": "Dies ist das Magic Select Werkzeug.\nEs wählt benachbarte Blöcke desselben Typs aus",
    "axiom.tutorial.sculpt_draw_tool": "Dies ist das Sculpt Draw Tool.\nEs ermöglicht dir, Gelände zu formen, indem du Blöcke basierend auf der Oberfläche nachoben ziehst",
    "axiom.tutorial.slope_tool1": "Dies ist das Steigungswerkzeug.\nDami können si zwichen zwei punkten eine Steigung erstellen",
    "axiom.editorui.window.style_editor.title_background": "Titelhintergrund",
    "axiom.editorui.window.style_editor.title_background_active": "Titelhintergrund (Aktiv)",
    "axiom.editorui.window.style_editor.title_background_collapsed": "Titelhintergrund (kleingemacht)",
    "axiom.tutorial.box_select_tool2": "Um das Werkzeug zu verwenden, klicke auf einen Punkt, ziehen Sie die Maus zu einem anderen Punkt und lasse sie dann los.\nAnschließend können Sie mit den Gizmos Anpassungen vornehmen.\nUm die Auswahl zu bestätigen, drücke die Eingabetaste",
    "axiom.editorui.window.style_editor.unfocused_tab": "Fenster Unfokussiert",
    "axiom.tutorial.slope_tool2": "Um das Werkzeug zu verwenden, klicke einmal, um die Zielposition festzulegen. Bewege dann die Maus an eine anderen Punkt und klicken und ziehe, um eine Neigung zwischen den beiden Punkten zu zeichnen",
    "axiom.editorui.window.style_editor.unfocused_tab_active": "Fenster Unfokussiert (Aktiv)",
    "axiom.editorui.window.style_editor.widget_category": "Widget",
    "axiom.editorui.window.style_editor.window_category": "Fenster",
    "axiom.editorui.window.style_editor.window_background": "Fenster Hintergrund",
    "axiom.editorui.window.style_editor.window_borders": "Fenster Rahmen",
    "axiom.editorui.window.style_editor.window_rounding": "Fenster Rundungen",
    "axiom.editorui.window.keybinds.load_blender_defaults": "Blender-artig",
    "axiom.editorui.window.style_editor.table_border_light": "Table Border (leicht)",
    "axiom.editorui.window.style_editor.table_border_strong": "Table Border (Stark)",
    "axiom.toasts.disabled": "'%s' wurde deaktiviert",
    "axiom.toasts.enabled": "'%s' wurde aktiviert",
    "axiom.tool.gradient_painter.gradient_interpolation_bezier": "Bezier",
    "axiom.buildertool.scroll_extend": "Zum Erweitern Klicken",
    "axiom.tool.clentaminator.crop_type": "Saat typ",
    "axiom.buildertool.erase.delete": "Löschen",
    "axiom.tool.clentaminator.crops": "Pflanzen",
    "axiom.editorui.mainmenu.help.discord_server": "Discord Server...",
    "axiom.editorui.mainmenu.help.documentation": "Dokumentation...",
    "axiom.editorui.window.palette.custom_empty": "Leer",
    "axiom.editorui.window.tool_masks.mode_dest": "Nur auf Ziel anwenden",
    "axiom.buildertool.erase": "Radieren",
    "axiom.buildertool.erase.erase_box": "Radier Box",
    "axiom.buildertool.erase.erase_connected": "Verbundenes Radieren",
    "axiom.capability.fast_place.title": "Schnell plazieren",
    "axiom.tool.clentaminator.farmland": "Ackerland",
    "axiom.contextmenu.flight_momentum": "Flug Momentum: %s%%",
    "axiom.tool.floodfill": "Flutfüllung",
    "axiom.history_description.floodfilled": "%s Blöcke Flutgefüllt",
    "axiom.tool.clentaminator.fully_grown": "Komplett Gewachsen",
    "axiom.tool.gradient_painter.gradient": "Gradient",
    "axiom.tool.gradient_painter": "Gradient Maler",
    "axiom.tool.clentaminator.grass_block": "Gras",
    "axiom.contextmenu.infinite_reach_limit": "Limit der Unendlichen Reichweite: %s Blöcke",
    "axiom.contextmenu.infinite_reach_limit_none": "Limit der Unendlichen Reichweite: ∞",
    "axiom.tool.gradient_painter.gradient_interpolation": "Interpolation",
    "axiom.tool.gradient_painter.gradient_interpolation_linear": "Linear",
    "axiom.contextmenu.liquid_opacity": "Flüssige Deckkraft: %s%%",
    "axiom.contextmenu.min_brightness": "Min. Helligkeit: %s%%",
    "axiom.editorui.window.tool_masks.mode": "Modus",
    "axiom.history_description.modified": "%s Blöcke geändert",
    "axiom.tool.clentaminator.moist_farmland": "Bewässert",
    "axiom.tool.gradient_painter.gradient_interpolation_nearest": "Nächste",
    "axiom.capability.fast_place.description": "Platziere Blöcke sehr schnell und kontrolliert",
    "axiom.tool.gradient_painter.gradient_shape_plane": "Begradigen",
    "axiom.editorui.window.tool_masks.mode_source_and_dest": "Quelle und Ziel",
    "axiom.editorui.window.tool_masks.mode_source": "Nur Quelle",
    "axiom.tool.gradient_painter.gradient_shape": "Form",
    "axiom.tool.gradient_painter.gradient_shape_sphere": "Kugel",
    "axiom.tool.clentaminator.tall_grass_block": "Hohes Gras",
    "axiom.tool.noise_painter.splatter_noise": "Spritzer",
    "axiom.keybind.toggle_fast_place_cap": "Schalte \"Fast Place“ an/aus",
    "axiom.keybind.toggle_infinite_reach_cap": "Schalte „Unendliche Reichweite“ an/aus",
    "axiom.contextmenu.type_replace": "Ersetzungs Typ",
    "axiom.editorui.window.palette.unknown_custom_block": "Unbekannter benutzerdefinierter Block"
}
