{
  "axiom.buildertool.cancel": "Cancel",
  "axiom.buildertool.clone": "Clone",
  "axiom.buildertool.clone.finish": "Finish",
  "axiom.buildertool.clone.scroll": "Scroll to clone",
  "axiom.buildertool.confirm": "Confirm",
  "axiom.buildertool.erase": "Erase",
  "axiom.buildertool.erase.delete": "Delete",
  "axiom.buildertool.erase.erase_box": "Erase Box",
  "axiom.buildertool.erase.erase_connected": "Erase Connected",
  "axiom.buildertool.first_point": "First Point",
  "axiom.buildertool.move": "Move",
  "axiom.buildertool.move.scroll": "Scroll to move",
  "axiom.buildertool.scroll_extend": "Click to Extend",
  "axiom.buildertool.second_point": "Second Point",
  "axiom.buildertool.smear": "Smear",
  "axiom.buildertool.smear.scroll": "Scroll to smear",
  "axiom.buildertool.stack": "Stack",
  "axiom.buildertool.stack.scroll": "Scroll to stack",
  "axiom.capability.bulldozer.description": "Hold down %s to break blocks very fast",
  "axiom.capability.bulldozer.title": "Bulldozer",
  "axiom.capability.fast_place.description": "Place blocks very fast in a controlled manner",
  "axiom.capability.fast_place.title": "Fast Place",
  "axiom.capability.force_place.description": "Bypass block placement restrictions",
  "axiom.capability.force_place.title": "Force Place",
  "axiom.capability.infinite_reach.description": "Removes the reach limit",
  "axiom.capability.infinite_reach.title": "Infinite Reach",
  "axiom.capability.no_updates.description": "Prevent triggering neighbor updates when placing/breaking",
  "axiom.capability.no_updates.title": "No Updates",
  "axiom.capability.replace_mode.description": "Right-click blocks to replace them with the held block",
  "axiom.capability.replace_mode.title": "Replace Mode",
  "axiom.capability.tinker.description": "Various useful interactions when right-clicking with your fist",
  "axiom.capability.tinker.title": "Tinker",
  "axiom.contextmenu.flight_momentum": "Flight Momentum: %s%%",
  "axiom.contextmenu.infinite_reach_limit": "Infinite Reach Limit: %s blocks",
  "axiom.contextmenu.infinite_reach_limit_none": "Infinite Reach Limit: ∞",
  "axiom.contextmenu.liquid_opacity": "Liquid Opacity: %s%%",
  "axiom.contextmenu.min_brightness": "Min Brightness: %s%%",
  "axiom.contextmenu.type_replace": "Type Replace",
  "axiom.editorui.hold_for_more_options": "Hold %s for more options",
  "axiom.editorui.left_mouse_short": "LMB",
  "axiom.editorui.mainmenu.create": "Create",
  "axiom.editorui.mainmenu.create.cone": "Cone...",
  "axiom.editorui.mainmenu.create.cuboid": "Cuboid...",
  "axiom.editorui.mainmenu.create.cylinder": "Cylinder...",
  "axiom.editorui.mainmenu.create.pyramid": "Pyramid...",
  "axiom.editorui.mainmenu.create.sphere": "Sphere...",
  "axiom.editorui.mainmenu.edit": "Edit",
  "axiom.editorui.mainmenu.edit.copy": "Copy",
  "axiom.editorui.mainmenu.edit.cut": "Cut",
  "axiom.editorui.mainmenu.edit.redo": "Redo",
  "axiom.editorui.mainmenu.edit.redo_named": "Redo %s",
  "axiom.editorui.mainmenu.edit.save_blueprint": "Save Blueprint",
  "axiom.editorui.mainmenu.edit.undo": "Undo",
  "axiom.editorui.mainmenu.edit.undo_named": "Undo %s",
  "axiom.editorui.mainmenu.help": "Help",
  "axiom.editorui.mainmenu.help.debug_info": "Debug Info",
  "axiom.editorui.mainmenu.help.discord_server": "Discord Server...",
  "axiom.editorui.mainmenu.help.documentation": "Documentation...",
  "axiom.editorui.mainmenu.help.keybinds": "Keybinds...",
  "axiom.editorui.mainmenu.help.reset_tutorial": "Reset Tutorial",
  "axiom.editorui.mainmenu.help.style_editor": "Style Editor...",
  "axiom.editorui.mainmenu.operations": "Operations",
  "axiom.editorui.mainmenu.operations.analyze": "Analyze...",
  "axiom.editorui.mainmenu.operations.drain": "Drain",
  "axiom.editorui.mainmenu.operations.fill": "Fill...",
  "axiom.editorui.mainmenu.operations.fill_bottom": "Fill Bottom...",
  "axiom.editorui.mainmenu.operations.fill_bottom_description": "Fill the bottom edges of a selection with a block",
  "axiom.editorui.mainmenu.operations.fill_category": "Fill",
  "axiom.editorui.mainmenu.operations.fill_description": "Fill the selection with a block",
  "axiom.editorui.mainmenu.operations.fill_nearest": "Fill Nearest",
  "axiom.editorui.mainmenu.operations.fill_nearest_description": "Replace air blocks with their nearest non-air block",
  "axiom.editorui.mainmenu.operations.fill_outline": "Fill Outline...",
  "axiom.editorui.mainmenu.operations.fill_outline_description": "Fill all edges of a selection with a block",
  "axiom.editorui.mainmenu.operations.fill_top": "Fill Top...",
  "axiom.editorui.mainmenu.operations.fill_top_description": "Fill the top edges of a selection with a block",
  "axiom.editorui.mainmenu.operations.fill_walls": "Fill Walls...",
  "axiom.editorui.mainmenu.operations.fill_walls_description": "Fill the horizontal edges of a selection with a block",
  "axiom.editorui.mainmenu.operations.gravity": "Gravity",
  "axiom.editorui.mainmenu.operations.replace": "Replace...",
  "axiom.editorui.mainmenu.operations.set_biome": "Set Biome...",
  "axiom.editorui.mainmenu.operations.simulation_category": "Simulation",
  "axiom.editorui.mainmenu.operations.waterlog": "Waterlog",
  "axiom.editorui.mainmenu.select": "Select",
  "axiom.editorui.mainmenu.select.bounding_box": "Bounding Box",
  "axiom.editorui.mainmenu.select.clear": "Clear",
  "axiom.editorui.mainmenu.select.distort": "Distort...",
  "axiom.editorui.mainmenu.select.expand": "Expand...",
  "axiom.editorui.mainmenu.select.mask": "Mask...",
  "axiom.editorui.mainmenu.select.shrink": "Shrink...",
  "axiom.editorui.mainmenu.select.smooth": "Smooth...",
  "axiom.editorui.mainmenu.toolmasks": "Tool Masks",
  "axiom.editorui.mainmenu.toolmasks.clear": "Clear",
  "axiom.editorui.mainmenu.toolmasks.edit": "Edit",
  "axiom.editorui.mainmenu.view": "View",
  "axiom.editorui.mainmenu.view.liquid_opacity": "Liquid Opacity",
  "axiom.editorui.mainmenu.view.min_brightness": "Min Brightness",
  "axiom.editorui.mainmenu.view.show_biomes": "Show Biomes",
  "axiom.editorui.mainmenu.view.show_key_presses": "Show Key Presses",
  "axiom.editorui.mainmenu.view.show_selection": "Show Selection",
  "axiom.editorui.mainmenu.view.ui_scale": "UI Scale",
  "axiom.editorui.mainmenu.window": "Window",
  "axiom.editorui.mainmenu.window.windows": "Windows",
  "axiom.editorui.middle_mouse_short": "MMB",
  "axiom.editorui.multiple_keybinds": "Multiple",
  "axiom.editorui.no_keybind": "None",
  "axiom.editorui.pin_location": "Pin Location",
  "axiom.editorui.pin_world": "Pin World",
  "axiom.editorui.right_mouse_short": "RMB",
  "axiom.editorui.spectators_generate_chunks_warning": "Warning: The gamerule spectatorsGenerateChunks is false, this will cause major issues with the Editor UI. Please set the gamerule to true",
  "axiom.editorui.styles.imgui_dark": "ImGui Dark",
  "axiom.editorui.styles.imgui_light": "ImGui Light",
  "axiom.editorui.view.create_new": "New View",
  "axiom.editorui.view.main_name": "Main",
  "axiom.editorui.view.new_view_name": "New View",
  "axiom.editorui.window.active_block": "Active Block",
  "axiom.editorui.window.active_block.edit_properties_below": "*Edit properties below",
  "axiom.editorui.window.analyze": "Analyze",
  "axiom.editorui.window.analyze.block_count": "Count",
  "axiom.editorui.window.analyze.block_distribution": "Distr",
  "axiom.editorui.window.analyze.block_type": "Block",
  "axiom.editorui.window.analyze.clear_information": "Clear",
  "axiom.editorui.window.analyze.do_analyze": "Analyze",
  "axiom.editorui.window.block_distribution_total": "Total",
  "axiom.editorui.window.blueprint_browser": "Blueprint Browser",
  "axiom.editorui.window.blueprint_browser.add_folder": "Add Folder",
  "axiom.editorui.window.blueprint_browser.automatically_refresh": "Automatically Refresh",
  "axiom.editorui.window.blueprint_browser.close": "Close",
  "axiom.editorui.window.blueprint_browser.confirm": "Confirm",
  "axiom.editorui.window.blueprint_browser.delete": "Delete",
  "axiom.editorui.window.blueprint_browser.disable_auto_refresh": "Disable Auto-Refresh",
  "axiom.editorui.window.blueprint_browser.edit_blueprint": "Edit Blueprint",
  "axiom.editorui.window.blueprint_browser.file_browser_osx": "Finder",
  "axiom.editorui.window.blueprint_browser.file_browser_other": "your system file browser",
  "axiom.editorui.window.blueprint_browser.file_browser_win": "Windows Explorer",
  "axiom.editorui.window.blueprint_browser.file_missing": "No such file!",
  "axiom.editorui.window.blueprint_browser.file_missing_message1": "File '%s' no longer exists!",
  "axiom.editorui.window.blueprint_browser.file_missing_message2": "Did you move/delete it through %s?",
  "axiom.editorui.window.blueprint_browser.move_file": "Move",
  "axiom.editorui.window.blueprint_browser.move_file_already_exists": "File '%s' already exists in directory",
  "axiom.editorui.window.blueprint_browser.move_file_overwrite": "Overwrite",
  "axiom.editorui.window.blueprint_browser.new_folder": "New Folder",
  "axiom.editorui.window.blueprint_browser.new_folder_i": "New Folder (%s)",
  "axiom.editorui.window.blueprint_browser.overflow_files": "Overflow!",
  "axiom.editorui.window.blueprint_browser.overflow_files_message": "Detected large amount of file changes",
  "axiom.editorui.window.blueprint_browser.reload": "Reload",
  "axiom.editorui.window.blueprint_browser.rename_file": "Rename File",
  "axiom.editorui.window.blueprint_browser.sort_by": "Sort By",
  "axiom.editorui.window.blueprint_browser.sort_by.ascending": "Ascending",
  "axiom.editorui.window.blueprint_browser.sort_by.block_count": "Block Count",
  "axiom.editorui.window.blueprint_browser.sort_by.descending": "Descending",
  "axiom.editorui.window.blueprint_browser.sort_by.name": "Name",
  "axiom.editorui.window.blueprint_browser.unnamed_blueprint": "Unnamed",
  "axiom.editorui.window.clipboard": "Clipboard",
  "axiom.editorui.window.clipboard.clear": "Clear",
  "axiom.editorui.window.clipboard.copy_hint": "%s to copy selection to clipboard",
  "axiom.editorui.window.clipboard.empty": "Empty",
  "axiom.editorui.window.clipboard.n_blocks": "%s blocks",
  "axiom.editorui.window.clipboard.placement_options": "Placement Options",
  "axiom.editorui.window.clipboard.placement_options.keep_existing": "Keep Existing",
  "axiom.editorui.window.clipboard.placement_options.paste_air": "Paste Air",
  "axiom.editorui.window.clipboard.placement_options.rotate": "Rotate...",
  "axiom.editorui.window.create_blueprint": "Create Blueprint",
  "axiom.editorui.window.create_blueprint.angle": "Angle",
  "axiom.editorui.window.create_blueprint.author": "Author",
  "axiom.editorui.window.create_blueprint.bp_filter_description": "Blueprint Files",
  "axiom.editorui.window.create_blueprint.name": "Name",
  "axiom.editorui.window.create_blueprint.save": "Save",
  "axiom.editorui.window.create_blueprint.save_blueprint": "Save Blueprint",
  "axiom.editorui.window.create_shape": "Create Shape",
  "axiom.editorui.window.create_shape.advanced": "Advanced",
  "axiom.editorui.window.create_shape.cone": "Cone",
  "axiom.editorui.window.create_shape.copied": "Copied!",
  "axiom.editorui.window.create_shape.copy_to_clipboard": "Copy to clipboard",
  "axiom.editorui.window.create_shape.cuboid": "Cuboid",
  "axiom.editorui.window.create_shape.cylinder": "Cylinder",
  "axiom.editorui.window.create_shape.do_place": "Place",
  "axiom.editorui.window.create_shape.height": "Height",
  "axiom.editorui.window.create_shape.hollow": "Hollow",
  "axiom.editorui.window.create_shape.pitch": "Pitch",
  "axiom.editorui.window.create_shape.pyramid": "Pyramid",
  "axiom.editorui.window.create_shape.radius": "Radius",
  "axiom.editorui.window.create_shape.roll": "Roll",
  "axiom.editorui.window.create_shape.separate_xyz": "Separate XYZ",
  "axiom.editorui.window.create_shape.separate_xz": "Separate XZ",
  "axiom.editorui.window.create_shape.shape": "Shape",
  "axiom.editorui.window.create_shape.sphere": "Sphere",
  "axiom.editorui.window.create_shape.width": "Width",
  "axiom.editorui.window.create_shape.yaw": "Yaw",
  "axiom.editorui.window.debug_info": "Debug Info",
  "axiom.editorui.window.distort_selection": "Distort Selection",
  "axiom.editorui.window.distort_selection.distance": "Distance",
  "axiom.editorui.window.distort_selection.do_distort": "Distort",
  "axiom.editorui.window.distort_selection.noise_radius": "Noise Radius",
  "axiom.editorui.window.expand_selection": "Expand Selection",
  "axiom.editorui.window.expand_selection.do_expand": "Expand",
  "axiom.editorui.window.expand_selection.expand_selection_by": "Expand selection by",
  "axiom.editorui.window.fill": "Fill",
  "axiom.editorui.window.fill.all": "All",
  "axiom.editorui.window.fill.bottom": "Bottom",
  "axiom.editorui.window.fill.do_fill": "Fill",
  "axiom.editorui.window.fill.inside": "Inside",
  "axiom.editorui.window.fill.outline": "Outline",
  "axiom.editorui.window.fill.top": "Top",
  "axiom.editorui.window.fill.walls": "Walls",
  "axiom.editorui.window.history": "History",
  "axiom.editorui.window.history.no_history": "No History",
  "axiom.editorui.window.keybinds": "Keybinds",
  "axiom.editorui.window.keybinds.conflicts_with": "This binding conflicts with:",
  "axiom.editorui.window.keybinds.load_axiom_defaults": "Axiom Defaults",
  "axiom.editorui.window.keybinds.load_blender_defaults": "Blender-like",
  "axiom.editorui.window.keybinds.load_default": "Load Default...",
  "axiom.editorui.window.keybinds.unbind": "Unbind",
  "axiom.editorui.window.mask_selection": "Mask Selection",
  "axiom.editorui.window.mask_selection.mask": "Mask",
  "axiom.editorui.window.palette": "Palette",
  "axiom.editorui.window.palette.add_block_to": "Add block to %s",
  "axiom.editorui.window.palette.add_new_block": "Add new block",
  "axiom.editorui.window.palette.add_new_category": "Add new category",
  "axiom.editorui.window.palette.add_new_category": "Add new category",
  "axiom.editorui.window.palette.after": "After %s",
  "axiom.editorui.window.palette.are_you_sure_delete": "Are you sure you want to delete '%s'?",
  "axiom.editorui.window.palette.before": "Before %s",
  "axiom.editorui.window.palette.cannot_be_undone": "This operation CANNOT be undone",
  "axiom.editorui.window.palette.child_of": "Child of %s",
  "axiom.editorui.window.palette.custom": "Custom",
  "axiom.editorui.window.palette.custom_empty": "Empty",
  "axiom.editorui.window.palette.delete": "Delete %s",
  "axiom.editorui.window.palette.invalid_name_blank": "Invalid name: must not be blank",
  "axiom.editorui.window.palette.invalid_name_contains_hash": "Invalid name: must not contain '#'",
  "axiom.editorui.window.palette.invalid_name_duplicate": "Duplicate name: %s already exists",
  "axiom.editorui.window.palette.recently_used": "Recently Used",
  "axiom.editorui.window.palette.remove_block": "Remove block",
  "axiom.editorui.window.palette.rename": "Rename %s",
  "axiom.editorui.window.palette.this_will_delete_children": "This will also delete all %s children",
  "axiom.editorui.window.palette.unknown_custom_block": "Unknown Custom Block",
  "axiom.editorui.window.replace": "Replace",
  "axiom.editorui.window.replace.do_replace": "Replace",
  "axiom.editorui.window.set_biome": "Set Biome",
  "axiom.editorui.window.set_biome.do_set_biome": "Set Biome",
  "axiom.editorui.window.set_biome.fill_vertically": "Fill Vertically",
  "axiom.editorui.window.shrink_selection": "Shrink Selection",
  "axiom.editorui.window.shrink_selection.do_shrink": "Shrink",
  "axiom.editorui.window.shrink_selection.shrink_selection_by": "Shrink selection by",
  "axiom.editorui.window.smooth_selection": "Smooth Selection",
  "axiom.editorui.window.smooth_selection.do_smooth": "Smooth",
  "axiom.editorui.window.smooth_selection.stddev": "StdDev",
  "axiom.editorui.window.smooth_selection.threshold": "Threshold",
  "axiom.editorui.window.style_editor": "Style Editor",
  "axiom.editorui.window.style_editor.base_style": "Base Style",
  "axiom.editorui.window.style_editor.border_color": "Border",
  "axiom.editorui.window.style_editor.borders_category": "Borders",
  "axiom.editorui.window.style_editor.button": "Button",
  "axiom.editorui.window.style_editor.button_active": "Button (Active)",
  "axiom.editorui.window.style_editor.button_hovered": "Button (Hovered)",
  "axiom.editorui.window.style_editor.checkmark": "Checkmark",
  "axiom.editorui.window.style_editor.child_borders": "Child Borders",
  "axiom.editorui.window.style_editor.child_rounding": "Child Rounding",
  "axiom.editorui.window.style_editor.color": "Color",
  "axiom.editorui.window.style_editor.copied": "Copied!",
  "axiom.editorui.window.style_editor.custom_theme": "Custom Theme",
  "axiom.editorui.window.style_editor.disabled_text": "Disabled Text",
  "axiom.editorui.window.style_editor.docking_empty_background": "Docking Empty Background",
  "axiom.editorui.window.style_editor.docking_preview": "Docking Preview",
  "axiom.editorui.window.style_editor.drag_drop_target": "Drag Drop Target",
  "axiom.editorui.window.style_editor.export_to_clipboard": "Export to Clipboard",
  "axiom.editorui.window.style_editor.frame_background": "Frame Background",
  "axiom.editorui.window.style_editor.frame_background_active": "Frame Background (Active)",
  "axiom.editorui.window.style_editor.frame_background_hovered": "Frame Background (Hovered)",
  "axiom.editorui.window.style_editor.frame_borders": "Frame Borders",
  "axiom.editorui.window.style_editor.frame_category": "Frame",
  "axiom.editorui.window.style_editor.frame_rounding": "Frame Rounding",
  "axiom.editorui.window.style_editor.header": "Header",
  "axiom.editorui.window.style_editor.header_active": "Header (Active)",
  "axiom.editorui.window.style_editor.header_hovered": "Header (Hovered)",
  "axiom.editorui.window.style_editor.import_from_clipboard": "Import from Clipboard",
  "axiom.editorui.window.style_editor.menu_bar_background": "Menu Bar Background",
  "axiom.editorui.window.style_editor.other_category": "Other",
  "axiom.editorui.window.style_editor.popup_background": "Popup Background",
  "axiom.editorui.window.style_editor.popup_borders": "Popup Borders",
  "axiom.editorui.window.style_editor.popup_rounding": "Popup Rounding",
  "axiom.editorui.window.style_editor.reset": "Reset",
  "axiom.editorui.window.style_editor.resize_grip": "Resize Grip",
  "axiom.editorui.window.style_editor.resize_grip_active": "Resize Grip (Active)",
  "axiom.editorui.window.style_editor.resize_grip_hovered": "Resize Grip (Hovered)",
  "axiom.editorui.window.style_editor.revert": "Revert",
  "axiom.editorui.window.style_editor.rounding_category": "Rounding",
  "axiom.editorui.window.style_editor.scrollbar_background": "Scrollbar Background",
  "axiom.editorui.window.style_editor.scrollbar_category": "Scrollbar",
  "axiom.editorui.window.style_editor.scrollbar_grab": "Scrollbar Grab",
  "axiom.editorui.window.style_editor.scrollbar_grab_active": "Scrollbar Grab (Active)",
  "axiom.editorui.window.style_editor.scrollbar_grab_hovered": "Scrollbar Grab (Hovered)",
  "axiom.editorui.window.style_editor.scrollbar_rounding": "Scrollbar Rounding",
  "axiom.editorui.window.style_editor.separator": "Separator",
  "axiom.editorui.window.style_editor.separator_active": "Separator (Active)",
  "axiom.editorui.window.style_editor.separator_hovered": "Separator (Hovered)",
  "axiom.editorui.window.style_editor.sizes": "Sizes",
  "axiom.editorui.window.style_editor.slider_grab": "Slider Grab",
  "axiom.editorui.window.style_editor.slider_grab_active": "Slider Grab (Active)",
  "axiom.editorui.window.style_editor.slider_grab_rounding": "Slider Grab Rounding",
  "axiom.editorui.window.style_editor.tab": "Tab",
  "axiom.editorui.window.style_editor.tab_active": "Tab (Active)",
  "axiom.editorui.window.style_editor.tab_borders": "Tab Borders",
  "axiom.editorui.window.style_editor.tab_hovered": "Tab (Hovered)",
  "axiom.editorui.window.style_editor.tab_rounding": "Tab Rounding",
  "axiom.editorui.window.style_editor.table_border_light": "Table Border (Light)",
  "axiom.editorui.window.style_editor.table_border_strong": "Table Border (Strong)",
  "axiom.editorui.window.style_editor.text": "Text",
  "axiom.editorui.window.style_editor.text_category": "Text",
  "axiom.editorui.window.style_editor.theme_name": "Theme Name",
  "axiom.editorui.window.style_editor.theme_parameters": "Theme Parameters",
  "axiom.editorui.window.style_editor.title_background": "Title Background",
  "axiom.editorui.window.style_editor.title_background_active": "Title Background (Active)",
  "axiom.editorui.window.style_editor.title_background_collapsed": "Title Background (Collapsed)",
  "axiom.editorui.window.style_editor.unfocused_tab": "Unfocused Tab",
  "axiom.editorui.window.style_editor.unfocused_tab_active": "Unfocused Tab (Active)",
  "axiom.editorui.window.style_editor.widget_category": "Widget",
  "axiom.editorui.window.style_editor.window_background": "Window Background",
  "axiom.editorui.window.style_editor.window_borders": "Window Borders",
  "axiom.editorui.window.style_editor.window_category": "Window",
  "axiom.editorui.window.style_editor.window_rounding": "Window Rounding",
  "axiom.editorui.window.target_info": "Target Info",
  "axiom.editorui.window.target_info.distance": "Distance: %s",
  "axiom.editorui.window.target_info.no_target": "No target",
  "axiom.editorui.window.target_info.position": "Position: %s, %s, %s",
  "axiom.editorui.window.target_info.targeted_biome": "Targeted biome: %s",
  "axiom.editorui.window.target_info.targeted_block": "Targeted block: %s",
  "axiom.editorui.window.tool_masks": "Tool Masks",
  "axiom.editorui.window.tool_masks.logic": "Logic",
  "axiom.editorui.window.tool_masks.mask_above": "Above",
  "axiom.editorui.window.tool_masks.mask_all": "All",
  "axiom.editorui.window.tool_masks.mask_angle": "Angle",
  "axiom.editorui.window.tool_masks.mask_any": "Any",
  "axiom.editorui.window.tool_masks.mask_below": "Below",
  "axiom.editorui.window.tool_masks.mask_block": "Block",
  "axiom.editorui.window.tool_masks.mask_inselection": "In Selection",
  "axiom.editorui.window.tool_masks.mask_near": "Near",
  "axiom.editorui.window.tool_masks.mask_neighbor": "Neighbor",
  "axiom.editorui.window.tool_masks.mask_not": "Not",
  "axiom.editorui.window.tool_masks.mask_y": "Y",
  "axiom.editorui.window.tool_masks.masks": "Masks",
  "axiom.editorui.window.tool_masks.mode": "Mode",
  "axiom.editorui.window.tool_masks.mode_dest": "Destination Only",
  "axiom.editorui.window.tool_masks.mode_source": "Source Only",
  "axiom.editorui.window.tool_masks.mode_source_and_dest": "Source and Destination",
  "axiom.editorui.window.tool_options": "Tool Options",
  "axiom.editorui.window.tool_options.no_active_tool": "No Active Tool",
  "axiom.editorui.window.tools": "Tools",
  "axiom.editorui.window.world_properties": "World Properties",
  "axiom.editorui.window.world_properties.block_drops": "Block Drops",
  "axiom.editorui.window.world_properties.block_gravity": "Block Gravity",
  "axiom.editorui.window.world_properties.blocks": "Blocks",
  "axiom.editorui.window.world_properties.day": "Day",
  "axiom.editorui.window.world_properties.fire_tick": "Fire Tick",
  "axiom.editorui.window.world_properties.freeze_time": "Freeze Time",
  "axiom.editorui.window.world_properties.midnight": "Midnight",
  "axiom.editorui.window.world_properties.mob_spawning": "Mob Spawning",
  "axiom.editorui.window.world_properties.night": "Night",
  "axiom.editorui.window.world_properties.noon": "Noon",
  "axiom.editorui.window.world_properties.player": "Player",
  "axiom.editorui.window.world_properties.player_invulnerability": "Player Invulnerability",
  "axiom.editorui.window.world_properties.random_tick_speed": "Random Tick Speed",
  "axiom.editorui.window.world_properties.time": "Time",
  "axiom.editorui.window.world_properties.trample_farmland": "Trample Farmland",
  "axiom.editorui.window.world_properties.unavailable": "Unavailable",
  "axiom.editorui.window.world_properties.unavailable_description": "Server does not support editing any world properties",
  "axiom.history_description.biome_painted": "Biome painted %s blocks",
  "axiom.history_description.cloned": "Cloned %s blocks",
  "axiom.history_description.cut": "Cut %s blocks",
  "axiom.history_description.deleted": "Deleted %s blocks",
  "axiom.history_description.deselected": "Deselected %s blocks",
  "axiom.history_description.deselected_all": "Deselected all blocks",
  "axiom.history_description.distorted": "Distorted %s blocks",
  "axiom.history_description.drained_n": "Drained %s liquid blocks",
  "axiom.history_description.drew": "Drew %s blocks",
  "axiom.history_description.elevation_tool": "Elevation Tool (%s blocks)",
  "axiom.history_description.expanded": "Expanded %s blocks",
  "axiom.history_description.extrude_tool": "Extrude Tool (%s blocks)",
  "axiom.history_description.fill_nearest": "Fill Nearest (%s blocks)",
  "axiom.history_description.flatten_tool": "Flatten Tool (%s blocks)",
  "axiom.history_description.floodfilled": "Floodfilled %s blocks",
  "axiom.history_description.melted": "Melted %s blocks",
  "axiom.history_description.modified": "Modified %s blocks",
  "axiom.history_description.moved": "Moved %s blocks",
  "axiom.history_description.painted": "Painted %s blocks",
  "axiom.history_description.placed": "Placed %s blocks",
  "axiom.history_description.placed_blueprint": "Placed %s",
  "axiom.history_description.rock_tool": "Rock Tool (%s blocks)",
  "axiom.history_description.roughen_tool": "Roughen Tool (%s blocks)",
  "axiom.history_description.sculpt_draw_tool": "Sculpt Draw Tool (%s blocks)",
  "axiom.history_description.selected": "Selected %s blocks",
  "axiom.history_description.selected_additional": "Selected +%s blocks",
  "axiom.history_description.set_n_blocks_to": "Set %s blocks to %s",
  "axiom.history_description.shatter": "Shattered %s blocks",
  "axiom.history_description.shrunk": "Shrunk %s blocks",
  "axiom.history_description.slope_tool": "Slope Tool (%s blocks)",
  "axiom.history_description.smeared": "Smeared %s blocks",
  "axiom.history_description.smoothed": "Smoothed %s blocks",
  "axiom.history_description.stacked": "Stacked %s blocks",
  "axiom.history_description.text_tool": "Text Tool (%s blocks)",
  "axiom.history_description.waterlogged_n": "Waterlogged %s blocks",
  "axiom.history_description.welded": "Welded %s blocks",
  "axiom.key.scroll_down": "Scroll Down",
  "axiom.key.scroll_left": "Scroll Left",
  "axiom.key.scroll_right": "Scroll Right",
  "axiom.key.scroll_up": "Scroll Up",
  "axiom.keybind": "Axiom",
  "axiom.keybind.builder_tool_slot": "Builder Tool Slot",
  "axiom.keybind.context": "Context Menu",
  "axiom.keybind.orbit_camera": "Orbit Camera",
  "axiom.keybind.toggle_bulldozer_cap": "Toggle Bulldozer",
  "axiom.keybind.toggle_editor_ui": "Toggle Editor UI",
  "axiom.keybind.toggle_fast_place_cap": "Toggle Fast Place",
  "axiom.keybind.toggle_force_place_cap": "Toggle Force Place",
  "axiom.keybind.toggle_infinite_reach_cap": "Toggle Infinite Reach",
  "axiom.keybind.toggle_no_updates_cap": "Toggle No Updates",
  "axiom.keybind.toggle_replace_mode_cap": "Toggle Replace Mode",
  "axiom.keybind.toggle_tinker_cap": "Toggle Tinker",
  "axiom.keybind_capabilities": "Axiom (Capabilities)",
  "axiom.keybind_categories.basic": "Basic",
  "axiom.keybind_categories.edit": "Edit",
  "axiom.keybind_categories.movement": "Movement",
  "axiom.keybind_categories.operations": "Operations",
  "axiom.keybind_categories.placement": "Placement",
  "axiom.keybind_categories.view": "View",
  "axiom.keybind_options.invert_camera_rotate": "Invert Camera Rotate",
  "axiom.keybind_options.use_vanilla_movement": "Use Vanilla Movement",
  "axiom.keybinds.arcball_camera": "Arcball Camera",
  "axiom.keybinds.copy": "Copy",
  "axiom.keybinds.crosshair_camera": "Crosshair",
  "axiom.keybinds.cut": "Cut",
  "axiom.keybinds.flip_placement": "Flip Placement",
  "axiom.keybinds.move_backward": "Move Backward",
  "axiom.keybinds.move_down": "Move Down",
  "axiom.keybinds.move_forward": "Move Forward",
  "axiom.keybinds.move_left": "Move Left",
  "axiom.keybinds.move_quick": "Move Quick (Sprint)",
  "axiom.keybinds.move_right": "Move Right",
  "axiom.keybinds.move_up": "Move Up",
  "axiom.keybinds.pan_camera": "Pan Camera",
  "axiom.keybinds.paste": "Paste",
  "axiom.keybinds.pick_block": "Pick Block",
  "axiom.keybinds.quick_fill": "Quick Fill",
  "axiom.keybinds.quick_fill.fill_with": "Fill with...",
  "axiom.keybinds.quick_replace": "Quick Replace",
  "axiom.keybinds.quick_replace.replace_from": "Replace (from)",
  "axiom.keybinds.quick_replace.replace_to": "Replace (to)",
  "axiom.keybinds.redo": "Redo",
  "axiom.keybinds.rotate_camera": "Rotate Camera",
  "axiom.keybinds.rotate_placement": "Rotate Placement",
  "axiom.keybinds.save_blueprint": "Save Blueprint",
  "axiom.keybinds.show_biomes": "Show Biomes",
  "axiom.keybinds.show_selection": "Show Selection",
  "axiom.keybinds.undo": "Undo",
  "axiom.keybinds.use_tool": "Use Tool",
  "axiom.keymod.alt": "Alt",
  "axiom.keymod.ctrl": "Ctrl",
  "axiom.keymod.mac_cmd": "Cmd",
  "axiom.keymod.shift": "Shift",
  "axiom.keymod.super": "Super",
  "axiom.keymod.win_super": "Win",
  "axiom.toasts.disabled": "'%s' has been disabled",
  "axiom.toasts.enabled": "'%s' has been enabled",
  "axiom.tool.biome_painter": "Biome Painter",
  "axiom.tool.biome_painter.fill_vertically": "Fill Vertically",
  "axiom.tool.biome_painter.visualize_biomes": "Visualise Biomes",
  "axiom.tool.box_select": "Box Select",
  "axiom.tool.box_select.position": "Position",
  "axiom.tool.box_select.shrink": "Shrink",
  "axiom.tool.box_select.shrink_description": "Shrinks the selection to fit non-air blocks",
  "axiom.tool.box_select.size": "Size",
  "axiom.tool.clentaminator": "Clentaminator",
  "axiom.tool.clentaminator.allow_tall_grass": "Allow Tall Grass",
  "axiom.tool.clentaminator.clear": "Clear",
  "axiom.tool.clentaminator.crop_type": "Crop Type",
  "axiom.tool.clentaminator.crops": "Crops",
  "axiom.tool.clentaminator.decorations": "Decorations",
  "axiom.tool.clentaminator.decorations": "Decorations",
  "axiom.tool.clentaminator.dirt_ground": "Dirt Ground",
  "axiom.tool.clentaminator.farmland": "Farmland",
  "axiom.tool.clentaminator.fertile_ocean_floor": "Fertile Ocean Floor",
  "axiom.tool.clentaminator.fully_grown": "Fully Grown",
  "axiom.tool.clentaminator.grass": "Grass",
  "axiom.tool.clentaminator.grass_block": "Grass",
  "axiom.tool.clentaminator.grassiness": "Grassiness",
  "axiom.tool.clentaminator.gravel_ground": "Gravel Ground",
  "axiom.tool.clentaminator.moist_farmland": "Moist",
  "axiom.tool.clentaminator.sand": "Sand",
  "axiom.tool.clentaminator.stone": "Stone",
  "axiom.tool.clentaminator.tall_grass_block": "Tall Grass",
  "axiom.tool.clentaminator.terrain": "Terrain",
  "axiom.tool.distort": "Distort",
  "axiom.tool.distort.distance": "Distance",
  "axiom.tool.distort.distance_x": "Distance X",
  "axiom.tool.distort.distance_y": "Distance Y",
  "axiom.tool.distort.distance_z": "Distance Z",
  "axiom.tool.distort.distortion": "Distortion",
  "axiom.tool.distort.iterations": "Iterations",
  "axiom.tool.distort.scale": "Scale",
  "axiom.tool.distort.separate_axis": "Separate Axis",
  "axiom.tool.distort.smooth_edges": "Smooth Edges",
  "axiom.tool.elevation": "Elevation",
  "axiom.tool.elevation.lower": "Lower",
  "axiom.tool.elevation.raise": "Raise",
  "axiom.tool.elevation.raise_lower_mode": "Mode",
  "axiom.tool.extrude": "Extrude",
  "axiom.tool.extrude.displace": "Displace",
  "axiom.tool.extrude.displace_expand_description": "Moves 1-thick surfaces instead of cloning them",
  "axiom.tool.extrude.displace_shrink_description": "Moves 1-thick surfaces instead of deleting them",
  "axiom.tool.extrude.mode": "Mode",
  "axiom.tool.extrude.mode.expand": "Expand",
  "axiom.tool.extrude.mode.shrink": "Shrink",
  "axiom.tool.flatten": "Flatten",
  "axiom.tool.flatten.lock_y": "Lock Y",
  "axiom.tool.flatten.locked_at": "Locked at: %s",
  "axiom.tool.flatten.right_click_to_lock": "Right-click to lock",
  "axiom.tool.flatten.unlock_y": "Unlock Y",
  "axiom.tool.floodfill": "Floodfill",
  "axiom.tool.freehand_draw": "Freehand Draw",
  "axiom.tool.freehand_select": "Freehand Select",
  "axiom.tool.generic.advanced_options": "Advanced",
  "axiom.tool.generic.brush": "Brush",
  "axiom.tool.generic.brush_radius": "Radius",
  "axiom.tool.generic.brush_shape": "Shape",
  "axiom.tool.generic.limit": "Limit",
  "axiom.tool.generic.live_preview": "Live Preview",
  "axiom.tool.generic.mask_surface": "Mask Surface",
  "axiom.tool.generic.noise": "Noise",
  "axiom.tool.generic.noise_seed": "Seed",
  "axiom.tool.generic.noise_seed_do_randomize": "Randomize Seed",
  "axiom.tool.generic.reset_to_default": "Reset to default",
  "axiom.tool.generic.smoothing_options": "Smoothing",
  "axiom.tool.generic.surface_only": "Surface Only",
  "axiom.tool.gradient_painter": "Gradient Painter",
  "axiom.tool.gradient_painter.gradient": "Gradient",
  "axiom.tool.gradient_painter.gradient_interpolation": "Interpolation",
  "axiom.tool.gradient_painter.gradient_interpolation_bezier": "Bezier",
  "axiom.tool.gradient_painter.gradient_interpolation_linear": "Linear",
  "axiom.tool.gradient_painter.gradient_interpolation_nearest": "Nearest",
  "axiom.tool.gradient_painter.gradient_shape": "Shape",
  "axiom.tool.gradient_painter.gradient_shape_plane": "Plane",
  "axiom.tool.gradient_painter.gradient_shape_sphere": "Sphere",
  "axiom.tool.heightmap.height": "Height",
  "axiom.tool.heightmap.sharpness": "Sharpness",
  "axiom.tool.magic_select": "Magic Select",
  "axiom.tool.magic_select.compare_any": "Any",
  "axiom.tool.magic_select.compare_block": "Block",
  "axiom.tool.magic_select.compare_blockstate": "BlockState",
  "axiom.tool.magic_select.compare_mode": "Compare",
  "axiom.tool.magic_select.compare_solid": "Solid",
  "axiom.tool.magic_select.range": "Range",
  "axiom.tool.melt": "Melt",
  "axiom.tool.noise_painter": "Noise Painter",
  "axiom.tool.noise_painter.3d_mode": "3D Mode",
  "axiom.tool.noise_painter.block_mode_count": "Block Count",
  "axiom.tool.noise_painter.block_mode_threshold": "Threshold",
  "axiom.tool.noise_painter.blocks": "Blocks",
  "axiom.tool.noise_painter.cumulative_distribution": "Cumulative Distribution",
  "axiom.tool.noise_painter.gain": "Gain",
  "axiom.tool.noise_painter.jitter": "Jitter",
  "axiom.tool.noise_painter.lacunarity": "Lacunarity",
  "axiom.tool.noise_painter.metaball_noise": "Metaball",
  "axiom.tool.noise_painter.metaball_range": "Range",
  "axiom.tool.noise_painter.noise_preview": "Noise Preview",
  "axiom.tool.noise_painter.octaves": "Octaves",
  "axiom.tool.noise_painter.probability_density": "Probability Density",
  "axiom.tool.noise_painter.scale": "Scale",
  "axiom.tool.noise_painter.simplex_noise": "Simplex",
  "axiom.tool.noise_painter.splatter_noise": "Splatter",
  "axiom.tool.noise_painter.voronoi_edges": "Voronoi Edges",
  "axiom.tool.noise_painter.white_noise": "White",
  "axiom.tool.noise_painter.worley_noise": "Worley",
  "axiom.tool.painter": "Painter",
  "axiom.tool.rock": "Rock Tool",
  "axiom.tool.rock.meld_strength": "Meld Strength",
  "axiom.tool.rock.meld_strength.description": "How strongly the tool melds together with the ground\nThis is affected by the 'Smoothing StdDev'",
  "axiom.tool.rock.noise_field_seed": "Noise Field Seed",
  "axiom.tool.rock.noise_field_seed.hint": "Randomized",
  "axiom.tool.rock.noise_radius": "Noise Radius",
  "axiom.tool.rock.noisiness": "Noisiness",
  "axiom.tool.rock.noisiness.description": "How strongly blocks are influenced by the noise field\n0 = no noise, spherical\n1 = strong noise, blobs",
  "axiom.tool.rock.preview_disabled": "Automatically disabled for Radius > %s",
  "axiom.tool.rock.smoothing_stddev": "Smoothing StdDev",
  "axiom.tool.rock.smoothing_stddev.description": "0 = no smoothing\n2 = normal (~4 blocks) smoothing\n5 = very strong (~10 blocks) smoothing",
  "axiom.tool.roughen": "Roughen",
  "axiom.tool.roughen.min_faces": "Min Faces",
  "axiom.tool.roughen.mode_add": "Add",
  "axiom.tool.roughen.mode_remove": "Remove",
  "axiom.tool.roughen.ratio": "Ratio",
  "axiom.tool.ruler": "Ruler",
  "axiom.tool.ruler.add_point": "Add Point",
  "axiom.tool.ruler.bounding_size": "Bounding Size = %s, %s, %s",
  "axiom.tool.ruler.information": "Information",
  "axiom.tool.ruler.maximum": "Maximum = %s, %s, %s",
  "axiom.tool.ruler.minimum": "Minimum = %s, %s, %s",
  "axiom.tool.ruler.no_information": "N/A",
  "axiom.tool.ruler.pitch": "Pitch = %s",
  "axiom.tool.ruler.point_i": "Point %s",
  "axiom.tool.ruler.points": "Points",
  "axiom.tool.ruler.remove_point_i": "Remove Point %s",
  "axiom.tool.ruler.total_length_euclidean": "Total Length (Euclidean) = %s",
  "axiom.tool.ruler.total_length_manhattan": "Total Length (Manhattan) = %s",
  "axiom.tool.ruler.yaw": "Yaw = %s",
  "axiom.tool.sculpt_draw": "Sculpt Draw",
  "axiom.tool.sculpt_draw.denoise": "Denoise",
  "axiom.tool.sculpt_draw.invert": "Invert",
  "axiom.tool.sculpt_draw.mask_y": "Mask Y",
  "axiom.tool.sculpt_draw.strength": "Strength",
  "axiom.tool.selection": "Selection",
  "axiom.tool.selection.add": "Add",
  "axiom.tool.selection.intersect": "Intersect",
  "axiom.tool.selection.mode": "Mode",
  "axiom.tool.selection.replace": "Replace",
  "axiom.tool.selection.subtract": "Subtract",
  "axiom.tool.shape.cube": "Cube",
  "axiom.tool.shape.octahedron": "Octahedron",
  "axiom.tool.shape.sphere": "Sphere",
  "axiom.tool.shatter": "Shatter",
  "axiom.tool.shatter.axis": "Axis",
  "axiom.tool.shatter.axis_3d": "3D",
  "axiom.tool.shatter.axis_x": "X",
  "axiom.tool.shatter.axis_y": "Y",
  "axiom.tool.shatter.axis_z": "Z",
  "axiom.tool.shatter.scale": "Scale",
  "axiom.tool.shatter.use_active_block": "Use Active Block",
  "axiom.tool.shatter.width": "Width",
  "axiom.tool.slope": "Slope",
  "axiom.tool.slope.mode": "Mode",
  "axiom.tool.slope.mode_cone": "Cone",
  "axiom.tool.slope.mode_plane": "Plane",
  "axiom.tool.smooth": "Smooth",
  "axiom.tool.smooth.block_ratio": "Block Ratio",
  "axiom.tool.smooth.fix_edges": "Fix Edges",
  "axiom.tool.smooth.mode_grow": "Grow",
  "axiom.tool.smooth.mode_melt": "Melt",
  "axiom.tool.smooth.mode_stable": "Stable",
  "axiom.tool.smooth.modifiers": "Modifiers",
  "axiom.tool.smooth.strength": "Strength",
  "axiom.tool.text": "Text",
  "axiom.tool.text.text_input": "Text",
  "axiom.tool.text.text_size": "Size",
  "axiom.tool.weld": "Weld",
  "axiom.tool.weld.strength": "Strength",
  "axiom.tool.weld.threshold": "Threshold",
  "axiom.tutorial.active_block": "Some tools require a block to paint with or place. Here you can switch blocks by clicking on the icon",
  "axiom.tutorial.box_select_tool1": "This is the Box Select Tool.\nIt selects blocks between two points",
  "axiom.tutorial.box_select_tool2": "To start using the tool, click one point, drag your mouse to another point and then release.\nAfterwards, you can adjust with the Gizmos.\nTo confirm the selection, press Enter",
  "axiom.tutorial.clentaminator_tool": "This is the Clentaminator.\nIt allows you to paint with terrain and decoration presets.\nUseful if you need to very quickly stylize an area",
  "axiom.tutorial.continue": "Continue",
  "axiom.tutorial.history": "Axiom keeps track of block changes so you can undo and redo, this window shows those changes. (Tip: left-click rewinds history, right-click looks at the change)",
  "axiom.tutorial.magic_select_tool": "This is the Magic Select Tool.\nIt select adjacent blocks of the same type",
  "axiom.tutorial.main_window": "This is the main viewport.\n%s to rotate the camera.\n%s to use tools.\n%s to use the arcball camera.\nScroll to quickly move towards/away from a point",
  "axiom.tutorial.sculpt_draw_tool": "This is the Sculpt Draw Tool.\nIt allows you to sculpt terrain, pulling blocks based on the surface normal",
  "axiom.tutorial.selection1": "This is a selection.\nSelections allow you to apply tools and operations to specific parts of the world.\nTo clear a selection, press Enter",
  "axiom.tutorial.selection2": "%s can be used to fill the selection with blocks.\n%s allows you to replace blocks.\n%s/%s/Delete to copy/cut/delete",
  "axiom.tutorial.slope_tool1": "This is the Slope Tool.\nIt allows you to slope terrain between two points",
  "axiom.tutorial.slope_tool2": "To use the tool, click once to set the target position. Then, move your mouse to a different position and click+drag to draw a slope between the two points",
  "axiom.tutorial.tool_options": "Here you can find the settings for your selected tool",
  "axiom.tutorial.tools_window": "This is the Tools Window. Here you can select tools for painting, terraforming, making selections and more",
  "axiom.widget.add_blueprint_tag": "Add Tag",
  "axiom.widget.any_block_property": "Any",
  "axiom.widget.block_properties": "Properties",
  "axiom.widget.block_tags": "Tags",
  "axiom.widget.blueprint_tags": "Tags",
  "axiom.widget.cancel": "Cancel",
  "axiom.widget.confirm": "Confirm",
  "axiom.widget.create_blueprint_tag": "Create Tag",
  "axiom.widget.delete": "Delete",
  "axiom.widget.error": "Error",
  "axiom.widget.error_biome_registry": "Biome registry does not exist!",
  "axiom.widget.false_block_property": "False",
  "axiom.widget.from_block": "From",
  "axiom.widget.ok": "OK",
  "axiom.widget.remove_blueprint_tag": "Remove",
  "axiom.widget.rename": "Rename",
  "axiom.widget.search_block": "Search",
  "axiom.widget.select_block": "Select block",
  "axiom.widget.to_block": "To",
  "axiom.widget.true_block_property": "True",
  "axiom.widget.use_blueprint_tag": "Use Tag",
  "gamerule.axiomDoBlockDrops": "(Axiom) Do Block Drops",
  "gamerule.axiomDoBlockGravity": "(Axiom) Do Block Gravity",
  "gamerule.axiomDoTrampleFarmland": "(Axiom) Do Trample Farmland",
  "gamerule.axiomPlayerInvulnerability": "(Axiom) Player Invulnerability"
}
