{
    "axiom.editorui.window.clipboard.n_blocks": "%s blocchi",
    "axiom.editorui.window.clipboard.copy_hint": "%s per copiare la selezione negli appunti",
    "gamerule.axiomDoBlockGravity": "(Axiom) Blocca la gravità",
    "gamerule.axiomDoTrampleFarmland": "(Axiom) Non calpestare i blocchi agricoli",
    "gamerule.axiomPlayerInvulnerability": "(Axiom) Invulnerabilità del giocatore",
    "axiom.editorui.window.active_block.edit_properties_below": "* Modifica proprietà sotto",
    "axiom.tool.rock.smoothing_stddev.description": "0= nessuna lisciatura\n2= lisciatura normale (~4 blocchi) \n5= lisciatura molto forte (~10 blocchi)",
    "axiom.tool.shatter.axis_3d": "3D",
    "axiom.tool.noise_painter.3d_mode": "Modalità 3D",
    "axiom.editorui.window.active_block": "Bloccho attivo",
    "axiom.editorui.window.tool_masks.mask_above": "Sopra",
    "axiom.editorui.window.blueprint_browser.add_folder": "Aggiungi una cartella",
    "axiom.tool.roughen.mode_add": "Aggiungi",
    "axiom.tool.ruler.add_point": "Aggiungi un punto",
    "axiom.tool.selection.add": "Aggiungi",
    "axiom.widget.add_blueprint_tag": "Aggiungi  tag",
    "axiom.editorui.window.palette.add_block_to": "Aggiungi bloccho a %s",
    "axiom.editorui.window.palette.add_new_block": "Aggiungi un nuovo blocco",
    "axiom.editorui.window.create_shape.advanced": "Avanzato",
    "axiom.editorui.window.palette.add_new_category": "Aggiungi nuova categoria",
    "axiom.tool.generic.advanced_options": "Avanzate",
    "axiom.editorui.window.palette.after": "Dopo %s",
    "axiom.editorui.window.fill.all": "tutto",
    "gamerule.axiomDoBlockDrops": "(axiom) Fai cadere i blocchi",
    "axiom.editorui.window.tool_masks.mask_all": "Tutti",
    "axiom.tool.clentaminator.allow_tall_grass": "Lascia l'erba alta",
    "axiom.editorui.window.analyze": "Analizza",
    "axiom.editorui.window.analyze.do_analyze": "Analizza",
    "axiom.keymod.alt": "alt",
    "axiom.editorui.mainmenu.operations.analyze": "analizzare",
    "axiom.editorui.window.create_blueprint.angle": "Angolo",
    "axiom.editorui.window.tool_masks.mask_angle": "Angolo",
    "axiom.editorui.window.tool_masks.mask_any": "Qualsiasi",
    "axiom.tool.magic_select.compare_any": "Qualsiasi",
    "axiom.widget.any_block_property": "Qualsiasi",
    "axiom.editorui.window.palette.are_you_sure_delete": "Sei sicuro di voler eleminare '%s'",
    "axiom.keybinds.arcball_camera": "Telecamera ad arco",
    "axiom.editorui.window.blueprint_browser.automatically_refresh": "Ricarica automatica",
    "axiom.editorui.window.blueprint_browser.sort_by.ascending": "In salità",
    "axiom.editorui.window.create_blueprint.author": "Autore",
    "axiom.tool.rock.preview_disabled": "Disabilitato automaticamente per raggio > %s",
    "axiom.keybind": "Axiom",
    "axiom.keybind_capabilities": "Axiom (Capacità)",
    "axiom.tool.shatter.axis": "Ascisse",
    "axiom.tutorial.history": "Axiom tiene conto dei cambiamenti dei blocchi così puoi rifare e disfare, questa finestra mostra quei cambiamenti.(Suggerimento: tasto sinistro ricarica la cronologia, tasto destro  mostra il cambiamento)",
    "axiom.editorui.window.palette.before": "Prima di %s",
    "axiom.editorui.window.tool_masks.mask_below": "Sotto",
    "axiom.keybind_categories.basic": "Semplice",
    "axiom.tool.biome_painter": "Modificatore di biomi",
    "axiom.history_description.biome_painted": "Modificato i biomi %s blocks",
    "axiom.editorui.window.analyze.block_type": "Blocco",
    "axiom.widget.error_biome_registry": "Il registro del bioma non esiste!",
    "axiom.editorui.window.tool_masks.mask_block": "Blocco",
    "axiom.tool.magic_select.compare_block": "Blocco",
    "axiom.editorui.window.blueprint_browser.sort_by.block_count": "Numero di blocchi",
    "axiom.editorui.window.world_properties.block_gravity": "Gravità dei blocchi",
    "axiom.tool.noise_painter.block_mode_count": "Numero di blocchi",
    "axiom.tool.smooth.block_ratio": "Rapporto dei blocchi",
    "axiom.editorui.window.world_properties.block_drops": "Drop dei blocchi",
    "axiom.editorui.window.world_properties.blocks": "Blocchi",
    "axiom.tool.magic_select.compare_blockstate": "Stato del blocco",
    "axiom.editorui.window.blueprint_browser": "Navigatore dei progetti",
    "axiom.tool.noise_painter.blocks": "Blocchi",
    "axiom.editorui.window.create_blueprint.bp_filter_description": "File dei progetti",
    "axiom.editorui.window.fill.bottom": "Fondo",
    "axiom.tool.box_select": "Seleziona scatola",
    "axiom.tool.generic.brush": "Pennello",
    "axiom.tool.ruler.bounding_size": "Confinamento di grandezze = %s, %s, %s",
    "axiom.editorui.mainmenu.select.bounding_box": "Scatola del confinamento",
    "axiom.keybind.builder_tool_slot": "Posto del attrezzo di costruzione",
    "axiom.capability.bulldozer.title": "Bulldozer",
    "axiom.capability.force_place.description": "Oltrepassa le restrizioni del piazzamento di blocchi",
    "axiom.buildertool.cancel": "Cancella",
    "axiom.widget.cancel": "Cancella",
    "axiom.editorui.window.palette.child_of": "Figlio di %s",
    "axiom.editorui.mainmenu.select.clear": "libera",
    "axiom.editorui.mainmenu.toolmasks.clear": "libera",
    "axiom.editorui.window.analyze.clear_information": "libera",
    "axiom.editorui.window.clipboard.clear": "libera",
    "axiom.tool.clentaminator.clear": "libera",
    "axiom.editorui.window.clipboard": "Appunti",
    "axiom.tool.clentaminator": "Clentaminatore",
    "axiom.tool.slope.tutorial1": "Clicca una volta per decidere la posizione del bersaglio",
    "axiom.editorui.window.blueprint_browser.close": "Chiudi",
    "axiom.history_description.cloned": "Blocchi %s copiati",
    "axiom.buildertool.clone": "Clone",
    "axiom.keymod.mac_cmd": "Cmd",
    "axiom.tool.magic_select.compare_mode": "Compara",
    "axiom.editorui.window.create_shape.cone": "Cono",
    "axiom.tool.slope.mode_cone": "Cono",
    "axiom.editorui.mainmenu.create.cone": "Cono...",
    "axiom.buildertool.confirm": "Conferma",
    "axiom.editorui.window.blueprint_browser.confirm": "Conferma",
    "axiom.widget.confirm": "Conferma",
    "axiom.editorui.mainmenu.edit.copy": "Copia",
    "axiom.editorui.window.analyze.block_count": "numero",
    "axiom.editorui.window.create_shape.copied": "Copiato!",
    "axiom.editorui.window.create_shape.copy_to_clipboard": "Copia negli appunti",
    "axiom.keybinds.copy": "Copia",
    "axiom.keybind.context": "Menu dei contesti",
    "axiom.editorui.mainmenu.create": "Crea",
    "axiom.keybinds.crosshair_camera": "Mirino",
    "axiom.editorui.mainmenu.create.cuboid": "cuboide...",
    "axiom.editorui.window.create_blueprint": "crea progetto",
    "axiom.editorui.window.create_shape": "crea forma",
    "axiom.keymod.ctrl": "crtl",
    "axiom.tool.noise_painter.cumulative_distribution": "Distribuzione cumolativa",
    "axiom.tool.shape.cube": "cubo",
    "axiom.widget.create_blueprint_tag": "crea tag",
    "axiom.editorui.window.create_shape.cuboid": "Cuboide",
    "axiom.editorui.mainmenu.edit.cut": "Taglia",
    "axiom.editorui.window.palette.custom": "Personalizzato",
    "axiom.keybinds.cut": "Taglia",
    "axiom.editorui.mainmenu.create.cylinder": "Cilindro...",
    "axiom.editorui.window.blueprint_browser.delete": "Elimina",
    "axiom.editorui.window.create_shape.cylinder": "Cilindro",
    "axiom.editorui.window.world_properties.day": "Giorno",
    "axiom.history_description.cut": "Taglia %s blocchi",
    "axiom.tool.clentaminator.decorations": "Decorazioni",
    "axiom.editorui.mainmenu.help.debug_info": "Informazioni di debug",
    "axiom.editorui.window.debug_info": "Informazioni di debug",
    "axiom.widget.delete": "Elimina",
    "axiom.editorui.window.palette.delete": "Elimina %s",
    "axiom.history_description.deleted": "Eliminati %s blocchi",
    "axiom.editorui.window.blueprint_browser.sort_by.descending": "Discendente",
    "axiom.editorui.window.blueprint_browser.overflow_files_message": "è segnalata una grande quantità di cambiamenti nel file",
    "axiom.history_description.deselected": "Deselezionati %s blocchi",
    "axiom.history_description.deselected_all": "deselezionati tutti i blocchi",
    "axiom.tool.clentaminator.dirt_ground": "Terreno di terra",
    "axiom.editorui.window.blueprint_browser.file_missing_message2": "Lo hai spostato/eleminato tramite %s?",
    "axiom.editorui.window.blueprint_browser.disable_auto_refresh": "Disabilità l'auto-refresh",
    "axiom.editorui.window.distort_selection.distance": "Distanza",
    "axiom.tool.extrude.displace": "Sposta",
    "axiom.tool.distort.distance": "Distanza",
    "axiom.tool.distort.distance_x": "Distanza X",
    "axiom.tool.distort.distance_y": "Distanza Y",
    "axiom.tool.distort.distance_z": "Distanza Z",
    "axiom.editorui.window.distort_selection.do_distort": "Distrosione",
    "axiom.editorui.window.target_info.distance": "Distance: %s",
    "axiom.tool.distort": "Distrosione",
    "axiom.editorui.mainmenu.select.distort": "Distorsione....",
    "axiom.editorui.window.analyze.block_distribution": "Distr",
    "axiom.editorui.window.distort_selection": "selezione della distorsione",
    "axiom.history_description.distorted": "Distorti %s blocchi",
    "axiom.tool.distort.distortion": "Distorsione",
    "axiom.tool.slope.tutorial2": "Trascina da qualche altra parte per disegnare pendenza",
    "axiom.editorui.mainmenu.operations.drain": "Asciuga",
    "axiom.history_description.drained_n": "drenati %s blocchi liquidi",
    "axiom.editorui.mainmenu.edit": "Modifica",
    "axiom.editorui.mainmenu.toolmasks.edit": "Modifica",
    "axiom.editorui.window.palette.invalid_name_duplicate": "Nome del duplicato : %s esiste già.",
    "axiom.history_description.drew": "Disegnati %s blocchi",
    "axiom.editorui.window.blueprint_browser.edit_blueprint": "Modifica progetto",
    "axiom.keybind_categories.edit": "Modifica",
    "axiom.tool.elevation": "Elevazione",
    "axiom.history_description.elevation_tool": "Attrezzo di elevazione (%s blocchi)",
    "axiom.editorui.window.clipboard.empty": "Vuoto",
    "axiom.capability.airplane.title": "Volo migliorato",
    "axiom.widget.error": "Errore",
    "axiom.editorui.window.expand_selection.do_expand": "Espandi",
    "axiom.tool.extrude.mode.expand": "Espandi",
    "axiom.editorui.window.expand_selection": "Espandi la selezione",
    "axiom.editorui.mainmenu.select.expand": "Espandi...",
    "axiom.editorui.window.expand_selection.expand_selection_by": "Espandi la selezione di",
    "axiom.history_description.expanded": "Sono stati espansi %s blocchi",
    "axiom.tool.extrude": "Estrudi",
    "axiom.widget.false_block_property": "Falso",
    "axiom.history_description.extrude_tool": "Attrezzo di estrusione (%s blocchi)",
    "axiom.tool.clentaminator.fertile_ocean_floor": "Fondale del oceano fertile",
    "axiom.editorui.window.blueprint_browser.move_file_already_exists": "Il file '%s' esiste già nel elenco",
    "axiom.editorui.mainmenu.operations.fill_category": "riempi",
    "axiom.editorui.mainmenu.operations.fill_bottom": "riempi il fondo...",
    "axiom.editorui.window.blueprint_browser.file_missing_message1": "Il file '%s' non esiste più!",
    "axiom.editorui.window.fill": "riempi",
    "axiom.editorui.window.fill.do_fill": "riempi",
    "axiom.editorui.mainmenu.operations.fill_nearest": "riempi nelle vicinanze",
    "axiom.editorui.mainmenu.operations.fill_outline": "riempi il contorno...",
    "axiom.editorui.mainmenu.operations.fill_top": "riempi in alto...",
    "axiom.history_description.fill_nearest": "riempi nelle vicinanze (%s blocchi)",
    "axiom.editorui.window.set_biome.fill_vertically": "riempi verticalmente",
    "axiom.editorui.mainmenu.operations.fill_walls": "riempi muri...",
    "axiom.tool.biome_painter.fill_vertically": "riempi verticalmente",
    "axiom.editorui.mainmenu.operations.fill_outline_description": "riempi tutti gli angoli di un area con un blocco",
    "axiom.editorui.mainmenu.operations.fill_bottom_description": "riempi gli angoli del fondo di un area con un blocco",
    "axiom.editorui.mainmenu.operations.fill_walls_description": "riempi gli angoli orizzontali di un area con un blocco",
    "axiom.editorui.mainmenu.operations.fill_description": "riempi l'area con un blocco",
    "axiom.editorui.mainmenu.operations.fill": "riempi...",
    "axiom.editorui.mainmenu.operations.fill_top_description": "riempi gli angoli in alto di un area con un blocco",
    "axiom.keybinds.quick_fill.fill_with": "riempi con...",
    "axiom.editorui.window.blueprint_browser.file_browser_osx": "Cercatore",
    "axiom.editorui.window.world_properties.fire_tick": "Fuoco si espande",
    "axiom.buildertool.first_point": "Primo punto",
    "axiom.tool.smooth.fix_edges": "Sistema gli angoli",
    "axiom.tutorial.selection2": "%s può essere usato per riempire l'area con blocchi.\n%s permette di rimpiazzare blocchi\n%s/%s/ elimina per copiare/tagliare/eliminare",
    "axiom.editorui.window.keybinds.load_axiom_defaults": "Axiom predefiniti",
    "axiom.editorui.window.style_editor.base_style": "Stile base",
    "axiom.editorui.window.keybinds.load_blender_defaults": "Simil-Blender",
    "axiom.editorui.window.blueprint_browser.file_browser_win": "Esplora risorse",
    "axiom.editorui.window.world_properties": "Proprietà del mondo",
    "axiom.tool.noise_painter.worley_noise": "Worley",
    "axiom.tool.shatter.axis_x": "X",
    "axiom.editorui.window.tool_masks.mask_y": "Y",
    "axiom.tool.shatter.axis_y": "Y",
    "axiom.editorui.window.create_shape.yaw": "Imbardata",
    "axiom.tool.ruler.yaw": "Imbardata = %s",
    "axiom.tool.shatter.axis_z": "Z",
    "axiom.editorui.window.blueprint_browser.file_browser_other": "esplora risorse del tuo sistema",
    "axiom.editorui.window.style_editor.border_color": "Bordo",
    "axiom.editorui.window.style_editor.borders_category": "Bordi",
    "axiom.editorui.window.style_editor.button": "Pulsante",
    "axiom.editorui.window.style_editor.button_active": "Pulsante (Attivo)",
    "axiom.editorui.window.style_editor.button_hovered": "Pulsante (Sotto il cursore)",
    "axiom.editorui.window.style_editor.checkmark": "Spunta",
    "axiom.editorui.window.style_editor.child_borders": "Sotto-bordi",
    "axiom.editorui.window.style_editor.child_rounding": "Sotto-arrotondamento",
    "axiom.editorui.window.style_editor.color": "Colore",
    "axiom.tutorial.continue": "Continua",
    "axiom.editorui.window.style_editor.copied": "Copiato!",
    "axiom.editorui.window.style_editor.custom_theme": "Tema personalizzato",
    "axiom.tool.sculpt_draw.denoise": "Togli rumore",
    "axiom.editorui.window.style_editor.disabled_text": "Testo disabilitato",
    "axiom.editorui.window.style_editor.docking_empty_background": "Attracca sottofondo vuoto",
    "axiom.editorui.window.style_editor.docking_preview": "Anteprima attracco",
    "axiom.editorui.window.style_editor.drag_drop_target": "Target per trascina e rilascia",
    "axiom.editorui.window.style_editor.export_to_clipboard": "Esporta negli appunti",
    "axiom.buildertool.clone.finish": "Finisci",
    "axiom.tool.flatten": "Appiattisci",
    "axiom.history_description.flatten_tool": "Strumento appiattimento (%s blocchi)",
    "axiom.keybinds.flip_placement": "Rovescia il posizionamento",
    "axiom.capability.force_place.title": "Forza piazzamento",
    "axiom.editorui.window.style_editor.frame_background": "Sottofondo cornice",
    "axiom.editorui.window.style_editor.frame_category": "Cornice",
    "axiom.editorui.window.style_editor.frame_background_active": "Sottofondo cornice (Attiva)",
    "axiom.editorui.window.style_editor.frame_background_hovered": "Sottofondo cornice (sotto al cursore)",
    "axiom.editorui.window.style_editor.frame_borders": "Bordi cornice",
    "axiom.widget.from_block": "Da",
    "axiom.editorui.window.style_editor.frame_rounding": "Arrotondamento cornice",
    "axiom.editorui.window.world_properties.freeze_time": "Ferma il tempo",
    "axiom.tool.freehand_draw": "Disegno a mano libera",
    "axiom.tool.freehand_select": "Selezione a mano libera",
    "axiom.tool.noise_painter.gain": "Aumento uscita",
    "axiom.tool.clentaminator.grass": "Erba",
    "axiom.tool.clentaminator.grassiness": "Erbosità",
    "axiom.tool.clentaminator.gravel_ground": "Ghiaia",
    "axiom.editorui.mainmenu.operations.gravity": "Gravità",
    "axiom.tool.smooth.mode_grow": "Cresci",
    "axiom.editorui.window.style_editor.header": "Intestazione",
    "axiom.editorui.window.style_editor.header_active": "Intestazione (Attiva)",
    "axiom.editorui.window.create_shape.height": "Altezza",
    "axiom.editorui.window.style_editor.header_hovered": "Intestazione (sotto al cursore)",
    "axiom.editorui.mainmenu.help": "Aiuto",
    "axiom.tool.heightmap.height": "Altezza",
    "axiom.tutorial.tool_options": "Qui puoi trovare le impostazioni per lo strumento selezionato",
    "axiom.editorui.window.history": "Cronologia",
    "axiom.editorui.hold_for_more_options": "Tieni premuto %s per più opzioni",
    "axiom.capability.bulldozer.description": "Tieni premuto %s per rompere blocchi molto velocemente",
    "axiom.editorui.window.create_shape.hollow": "Svuotato",
    "axiom.tool.rock.noisiness.description": "Come i blocchi sono influenzati dal raggio del rumore\n0 = no rumore, sferico\n1 = forte rumore, grumi",
    "axiom.editorui.styles.imgui_dark": "ImGui Scuro",
    "axiom.editorui.styles.imgui_light": "ImGui Chiaro",
    "axiom.editorui.window.style_editor.import_from_clipboard": "Importa dagli appunti",
    "axiom.tool.rock.meld_strength.description": "Quanto lo strumento si combina con il suolo\nQuesto è influenzato da 'Levigatura StdDev'",
    "axiom.capability.infinite_reach.title": "Portata infinita",
    "axiom.editorui.window.tool_masks.mask_inselection": "Nella selezione",
    "axiom.editorui.window.fill.inside": "Dentro",
    "axiom.tool.ruler.information": "Informazioni",
    "axiom.tool.selection.intersect": "Interseziona",
    "axiom.editorui.window.palette.invalid_name_blank": "Nome invalido: non può essere vuoto",
    "axiom.editorui.window.palette.invalid_name_contains_hash": "Nome invalido: non può contenere '#'",
    "axiom.tool.sculpt_draw.invert": "Inverti",
    "axiom.keybind_options.invert_camera_rotate": "Inverti rotazione camera",
    "axiom.tool.distort.iterations": "Iterazioni",
    "axiom.tool.noise_painter.jitter": "Tremolio",
    "axiom.editorui.window.keybinds": "Scorciatoie",
    "axiom.editorui.mainmenu.help.keybinds": "Scorciatoie...",
    "axiom.editorui.left_mouse_short": "Tasto sinistro",
    "axiom.editorui.mainmenu.view.liquid_opacity": "Opacità liquidi",
    "axiom.tool.generic.limit": "Limite",
    "axiom.tool.noise_painter.lacunarity": "Lacuna",
    "axiom.tool.generic.live_preview": "Anteprima in tempo reale",
    "axiom.editorui.window.keybinds.load_default": "Carica predefinito",
    "axiom.editorui.window.tool_masks.logic": "Logica",
    "axiom.tool.flatten.lock_y": "Blocca Y",
    "axiom.tool.flatten.locked_at": "Bloccato a: %s",
    "axiom.tool.elevation.lower": "Abbassa",
    "axiom.editorui.middle_mouse_short": "tasto centrale",
    "axiom.editorui.view.main_name": "Principale",
    "axiom.tool.magic_select": "Selezione automatica",
    "axiom.editorui.window.mask_selection.mask": "Mascherare",
    "axiom.editorui.window.mask_selection": "Selezione mascheramento",
    "axiom.editorui.mainmenu.select.mask": "Mascheramento...",
    "axiom.tool.generic.mask_surface": "Maschera superficie",
    "axiom.tool.sculpt_draw.mask_y": "Maschera Y",
    "axiom.editorui.window.tool_masks.masks": "Mascheramenti",
    "axiom.tool.ruler.maximum": "Massimo = %s, %s, %s",
    "axiom.tool.rock.meld_strength": "Forza fusione",
    "axiom.tool.melt": "Scioglimento",
    "axiom.tool.smooth.mode_melt": "Sciogli",
    "axiom.editorui.window.style_editor.menu_bar_background": "Sottofondo barra menu",
    "axiom.history_description.melted": "Sciolti %s blocchi",
    "axiom.tool.noise_painter.metaball_noise": "Metaball",
    "axiom.editorui.mainmenu.view.min_brightness": "Luminosità minima",
    "axiom.editorui.window.world_properties.midnight": "Mezzanotte",
    "axiom.tool.roughen.min_faces": "Facce minime",
    "axiom.tool.ruler.minimum": "Minimo = %s, %s, %s",
    "axiom.tool.smooth.modifiers": "Modificatori",
    "axiom.editorui.window.world_properties.mob_spawning": "Genera mostri",
    "axiom.tool.elevation.raise_lower_mode": "Modalità",
    "axiom.tool.extrude.mode": "Modalità",
    "axiom.tool.selection.mode": "Modalità",
    "axiom.tool.slope.mode": "Modalità",
    "axiom.capability.airplane.description": "Volo più preciso - no inerzia e muovi nella direzione della camera",
    "axiom.buildertool.move": "Sposta",
    "axiom.editorui.window.blueprint_browser.move_file": "Sposta",
    "axiom.keybinds.move_backward": "Vai indietro",
    "axiom.keybinds.move_down": "Vai in basso",
    "axiom.keybinds.move_forward": "Vai avanti",
    "axiom.keybinds.move_left": "Vai a sinistra",
    "axiom.history_description.moved": "Spostati %s blocchi",
    "axiom.keybinds.move_quick": "Muoviti velocemente (corri)",
    "axiom.keybinds.move_right": "Vai a destra",
    "axiom.keybinds.move_up": "Vai su",
    "axiom.keybind_categories.movement": "Movimenti",
    "axiom.tool.extrude.displace_expand_description": "Muove superfici alte 1 blocco invece di clonarle",
    "axiom.tool.extrude.displace_shrink_description": "Muove superfici alte 1 blocco invece di distruggerle",
    "axiom.editorui.multiple_keybinds": "Multipli",
    "axiom.editorui.window.blueprint_browser.sort_by.name": "Nome",
    "axiom.editorui.window.create_blueprint.name": "Nome",
    "axiom.editorui.window.tool_masks.mask_near": "Accanto",
    "axiom.tool.ruler.no_information": "Non disponibile",
    "axiom.editorui.window.blueprint_browser.new_folder": "Nuova cartella",
    "axiom.editorui.window.tool_masks.mask_neighbor": "Vicino",
    "axiom.editorui.window.blueprint_browser.new_folder_i": "Nuova cartella (%s)",
    "axiom.editorui.view.new_view_name": "Nuova vista",
    "axiom.editorui.view.create_new": "Nuova vista",
    "axiom.editorui.window.history.no_history": "No Cronologia",
    "axiom.editorui.window.tool_options.no_active_tool": "Nessun strumento selezionato",
    "axiom.editorui.window.world_properties.night": "Notte",
    "axiom.capability.no_updates.title": "No aggiornamenti",
    "axiom.editorui.window.blueprint_browser.file_missing": "File inesistente!",
    "axiom.editorui.window.target_info.no_target": "Nessun target",
    "axiom.tool.generic.noise": "Rumore",
    "axiom.tool.rock.noise_field_seed": "Seme Campo Rumore",
    "axiom.editorui.window.distort_selection.noise_radius": "Raggio rumore",
    "axiom.tool.noise_painter": "Generatore di rumore",
    "axiom.tool.noise_painter.noise_preview": "Anteprima rumore",
    "axiom.tool.rock.noise_radius": "Raggio rumore",
    "axiom.editorui.no_keybind": "Nessuno",
    "axiom.tool.rock.noisiness": "Rumorosità",
    "axiom.editorui.window.world_properties.noon": "Mezzogiorno",
    "axiom.widget.ok": "OK",
    "axiom.editorui.window.tool_masks.mask_not": "Negazione",
    "axiom.editorui.mainmenu.operations": "Operazioni",
    "axiom.tool.noise_painter.octaves": "Ottave",
    "axiom.tool.shape.octahedron": "Ottaedro",
    "axiom.editorui.window.clipboard.placement_options.keep_existing": "Non eliminare",
    "axiom.editorui.window.style_editor.other_category": "Altro",
    "axiom.keybind.orbit_camera": "Camera orbitale",
    "axiom.keybind_categories.operations": "Operazioni",
    "axiom.editorui.window.fill.outline": "Contorno",
    "axiom.editorui.window.blueprint_browser.overflow_files": "Eccednza di file!",
    "axiom.editorui.window.blueprint_browser.move_file_overwrite": "Sovrascrivere",
    "axiom.history_description.painted": "Dipinti %s blocchi",
    "axiom.tool.painter": "Dipingere",
    "axiom.editorui.window.clipboard.placement_options.paste_air": "Incolla Aria",
    "axiom.editorui.window.palette": "Tavolozza",
    "axiom.keybinds.pan_camera": "Telecamera Panoramica",
    "axiom.keybinds.paste": "Incolla",
    "axiom.keybinds.pick_block": "Cogli Blocco",
    "axiom.editorui.pin_location": "Fissa Posizione",
    "axiom.editorui.pin_world": "Fissa Mondo",
    "axiom.editorui.window.create_shape.pitch": "Beccheggio",
    "axiom.tool.ruler.pitch": "Beccheggio = %s",
    "axiom.editorui.window.clipboard.placement_options": "Opzioni di Piazzamento",
    "axiom.editorui.window.create_shape.do_place": "Piazza",
    "axiom.history_description.placed_blueprint": "Piazzato = %s",
    "axiom.history_description.placed": "Piazzati %s blocchi",
    "axiom.editorui.window.world_properties.player": "Giocatore",
    "axiom.keybind_categories.placement": "Piazzamento",
    "axiom.tool.slope.mode_plane": "Piano",
    "axiom.editorui.window.world_properties.player_invulnerability": "Invulnerabilità Giocatore",
    "axiom.tool.ruler.point_i": "Punto %s",
    "axiom.tool.ruler.points": "Punti",
    "axiom.editorui.window.style_editor.popup_background": "Sottofondo Popup",
    "axiom.editorui.window.style_editor.popup_borders": "Bordi Popup",
    "axiom.editorui.window.style_editor.popup_rounding": "Arrotondamento Popup",
    "axiom.tool.box_select.position": "Posizione",
    "axiom.editorui.window.target_info.position": "Positione: %s, %s, %s",
    "axiom.capability.no_updates.description": "Previeni gli aggiornamenti ai blocchi accanto durante piazzamento/rompimento blocchi",
    "axiom.tool.noise_painter.probability_density": "Densità Probabilità",
    "axiom.widget.block_properties": "Proprietà",
    "axiom.editorui.mainmenu.create.pyramid": "Piramide...",
    "axiom.editorui.window.create_shape.pyramid": "Piramide",
    "axiom.editorui.right_mouse_short": "Tasto Destro",
    "axiom.keybinds.quick_fill": "Riempimento Veloce",
    "axiom.keybinds.quick_replace": "Rimpiazzamento Veloce",
    "axiom.editorui.window.create_shape.radius": "Raggio",
    "axiom.tool.generic.brush_radius": "Raggio",
    "axiom.tool.elevation.raise": "Alza",
    "axiom.editorui.window.world_properties.random_tick_speed": "Velocità dei tick casuali",
    "axiom.tool.generic.noise_seed_do_randomize": "Seme Casuale",
    "axiom.tool.rock.noise_field_seed.hint": "Casuale",
    "axiom.tool.magic_select.range": "Portata",
    "axiom.tool.noise_painter.metaball_range": "Portata",
    "axiom.tool.roughen.ratio": "Rapporto",
    "axiom.editorui.mainmenu.edit.redo": "Rifare",
    "axiom.editorui.window.palette.recently_used": "Usato di Recente",
    "axiom.keybinds.redo": "Rifare",
    "axiom.editorui.mainmenu.edit.redo_named": "Rifare %s",
    "axiom.editorui.window.blueprint_browser.reload": "Ricarica",
    "axiom.tool.roughen.mode_remove": "Rimuovi",
    "axiom.widget.remove_blueprint_tag": "Rimuovi",
    "axiom.widget.rename": "Rinomina",
    "axiom.capability.infinite_reach.description": "Rimuove il limite di portata",
    "axiom.editorui.window.blueprint_browser.rename_file": "Rinomina File",
    "axiom.editorui.window.palette.remove_block": "Rimuovi Blocco",
    "axiom.editorui.window.palette.rename": "Rinomina %s",
    "axiom.editorui.window.replace": "Rimpiazza",
    "axiom.tool.ruler.remove_point_i": "Rimuovi Punto %s",
    "axiom.editorui.window.replace.do_replace": "Rimpiazza",
    "axiom.keybinds.quick_replace.replace_from": "Rimpiazza (da)",
    "axiom.keybinds.quick_replace.replace_to": "Rimpiazza (a)",
    "axiom.tool.selection.replace": "Rimpiazza",
    "axiom.capability.replace_mode.title": "Modalità Rimpiazzamento",
    "axiom.editorui.mainmenu.operations.fill_nearest_description": "Rimpiazza blocchi d'aria con blocchi accanto che non sono aria",
    "axiom.editorui.mainmenu.operations.replace": "Rimpiazza...",
    "axiom.editorui.window.style_editor.reset": "Ripristina",
    "axiom.editorui.mainmenu.help.reset_tutorial": "Guida Ripristinamento",
    "axiom.editorui.window.style_editor.resize_grip": "Ridimensiona Presa",
    "axiom.tool.generic.reset_to_default": "Ripristina predefinito",
    "axiom.editorui.window.style_editor.resize_grip_active": "Ridimensiona Presa (Attiva)",
    "axiom.editorui.window.style_editor.resize_grip_hovered": "Ridimensiona Presa (Sotto al cursore)",
    "axiom.capability.replace_mode.description": "Clicca con il tasto destro per rimpiazzare il blocco con il blocco selezionato in mano",
    "axiom.editorui.window.style_editor.revert": "Ripristina",
    "axiom.history_description.rock_tool": "Strumento Rocce (%s blocchi)",
    "axiom.tool.flatten.right_click_to_lock": "Clicca con il tasto sinistro per bloccare",
    "axiom.tool.rock": "Strumento Rocce",
    "axiom.editorui.window.create_shape.roll": "Rollio",
    "axiom.editorui.window.clipboard.placement_options.rotate": "Ruota...",
    "axiom.editorui.window.create_blueprint.save": "Salva",
    "axiom.editorui.window.style_editor.rounding_category": "Arrotondamento",
    "axiom.history_description.roughen_tool": "Strumento Ruvido (%s blocchi)",
    "axiom.keybinds.rotate_camera": "Ruota Telecamera",
    "axiom.keybinds.rotate_placement": "Ruota Piazzamento",
    "axiom.tool.clentaminator.sand": "Sabbia",
    "axiom.tool.roughen": "Ruvido",
    "axiom.tool.ruler": "Righello",
    "axiom.editorui.mainmenu.edit.save_blueprint": "Salva Planimetria",
    "axiom.editorui.window.create_blueprint.save_blueprint": "Salva Planimetria",
    "axiom.key.scroll_down": "Scorri Giù",
    "axiom.keybinds.save_blueprint": "Salva Planimetria",
    "axiom.tool.distort.scale": "Scala",
    "axiom.tool.noise_painter.scale": "Scala",
    "axiom.tool.shatter.scale": "Scala",
    "axiom.key.scroll_left": "Scorri a sinistra",
    "axiom.key.scroll_right": "Scorri a destra",
    "axiom.key.scroll_up": "Scorri su",
    "axiom.buildertool.clone.scroll": "Scorri per clonare",
    "axiom.buildertool.move.scroll": "Scorri per muovere",
    "axiom.buildertool.smear.scroll": "scorri per spalmare",
    "axiom.buildertool.stack.scroll": "Scorri per accatastare",
    "axiom.editorui.window.style_editor.scrollbar_category": "Barra di scorrimento",
    "axiom.editorui.window.style_editor.scrollbar_background": "Sfondo Barra di scorrimento",
    "axiom.editorui.window.style_editor.scrollbar_grab": "Presa Barra di scorrimento",
    "axiom.editorui.window.style_editor.scrollbar_grab_active": "Presa Barra di Scorrimento (Attiva)",
    "axiom.editorui.window.style_editor.scrollbar_grab_hovered": "Presa Sbarra di scorrimento (Sotto al cursore)",
    "axiom.editorui.window.style_editor.scrollbar_rounding": "Arrotondamento Barra di scorrimento",
    "axiom.widget.search_block": "Cerca",
    "axiom.buildertool.second_point": "Secondo Punto",
    "axiom.editorui.mainmenu.select": "Seleziona",
    "axiom.history_description.sculpt_draw_tool": "Strumento di Scultura (%s blocchi)",
    "axiom.tool.generic.noise_seed": "Seme",
    "axiom.tool.sculpt_draw": "Scultura",
    "axiom.widget.select_block": "Seleziona Blocco",
    "axiom.history_description.selected": "Selezionati %s blocchi",
    "axiom.history_description.selected_additional": "Selezionati +%s blocchi",
    "axiom.tool.distort.separate_axis": "Separa Assi",
    "axiom.tool.selection": "Selezione",
    "axiom.editorui.window.create_shape.separate_xyz": "Separa XYZ",
    "axiom.editorui.window.create_shape.separate_xz": "Separa XZ",
    "axiom.editorui.window.style_editor.separator": "Separatore",
    "axiom.editorui.window.style_editor.separator_active": "Separatore (Attivo)",
    "axiom.editorui.window.style_editor.separator_hovered": "Separatore (Sotto al cursore)",
    "axiom.editorui.window.world_properties.unavailable_description": "Il server non supporta la modifica delle proprietà del mondo",
    "axiom.editorui.window.set_biome": "Imposta Bioma",
    "axiom.editorui.window.set_biome.do_set_biome": "Imposta Bioma",
    "axiom.history_description.set_n_blocks_to": "Imposta %s blocchi con %s",
    "axiom.editorui.mainmenu.operations.set_biome": "Imposta Bioma...",
    "axiom.editorui.window.create_shape.shape": "Sagoma",
    "axiom.history_description.shatter": "Frantumati %s blocchi",
    "axiom.tool.generic.brush_shape": "Sagoma",
    "axiom.tool.heightmap.sharpness": "Inclinazione",
    "axiom.tool.shatter": "Frantuma",
    "axiom.keybinds.show_biomes": "Mostra Biomi",
    "axiom.editorui.mainmenu.view.show_biomes": "Mostra Biomi",
    "axiom.editorui.mainmenu.view.show_key_presses": "Mostra tasti premuti",
    "axiom.keymod.shift": "Maiusc",
    "axiom.editorui.mainmenu.view.show_selection": "Mostra Selezione",
    "axiom.keybinds.show_selection": "Mostra Selezione",
    "axiom.tool.extrude.mode.shrink": "Restringere",
    "axiom.editorui.window.shrink_selection.do_shrink": "Restringere",
    "axiom.editorui.window.shrink_selection": "Restringi Selezione",
    "axiom.tool.box_select.shrink": "Restringere",
    "axiom.editorui.mainmenu.select.shrink": "Restringi...",
    "axiom.editorui.window.shrink_selection.shrink_selection_by": "Restringi Selezione",
    "axiom.tool.box_select.shrink_description": "Restringe selezione per adattare a blocchi solidi",
    "axiom.history_description.shrunk": "Restrinto %s blocchi",
    "axiom.tool.noise_painter.simplex_noise": "Simplex",
    "axiom.editorui.mainmenu.operations.simulation_category": "Simulazione",
    "axiom.tool.box_select.size": "Misura",
    "axiom.tool.text.text_size": "Misura",
    "axiom.editorui.window.style_editor.sizes": "Misure",
    "axiom.editorui.window.style_editor.slider_grab": "Presa Scorrimento",
    "axiom.editorui.window.style_editor.slider_grab_active": "Presa Scorrimento (Attiva)",
    "axiom.editorui.window.style_editor.slider_grab_rounding": "Arrotondamento Presa Scorrimento",
    "axiom.history_description.slope_tool": "Strumento Pendenza (%s blocchi)",
    "axiom.tool.slope": "Pendenza",
    "axiom.buildertool.smear": "Spalmare",
    "axiom.editorui.window.smooth_selection.do_smooth": "Lisciare",
    "axiom.history_description.smeared": "Spalmati %s blocchi",
    "axiom.tool.smooth": "Lisciare",
    "axiom.tool.distort.smooth_edges": "Lisciare Bordi",
    "axiom.editorui.mainmenu.select.smooth": "Lisciare...",
    "axiom.editorui.window.smooth_selection": "Lisciare Selezione",
    "axiom.history_description.smoothed": "Lisciati %s blocchi",
    "axiom.tool.generic.smoothing_options": "Lisciamento",
    "axiom.tool.rock.smoothing_stddev": "Lisciamento StdDev",
    "axiom.tool.magic_select.compare_solid": "Solido",
    "axiom.tutorial.active_block": "Alcuni strumenti richiedono un blocco per pitturare o piazzarli. Quì puoi cambiare blocchi cliccando sull'icona",
    "axiom.editorui.mainmenu.create.sphere": "Sfera...",
    "axiom.editorui.window.blueprint_browser.sort_by": "Ordina per",
    "axiom.editorui.window.create_shape.sphere": "Sfera",
    "axiom.tool.shape.sphere": "Sfera",
    "axiom.tool.smooth.mode_stable": "Stabile",
    "axiom.buildertool.stack": "Accatastare",
    "axiom.history_description.stacked": "Accatastati %s blocchi",
    "axiom.editorui.window.smooth_selection.stddev": "StdDev",
    "axiom.tool.clentaminator.stone": "Pietra",
    "axiom.tool.sculpt_draw.strength": "Potenza",
    "axiom.tool.smooth.strength": "Potenza",
    "axiom.tool.weld.strength": "Potenza",
    "axiom.editorui.window.style_editor": "Stile Editor",
    "axiom.editorui.mainmenu.help.style_editor": "Stile Editor...",
    "axiom.tool.selection.subtract": "Sottrai",
    "axiom.editorui.window.style_editor.tab": "Scheda",
    "axiom.keymod.super": "Start",
    "axiom.tool.generic.surface_only": "Solo Superficie",
    "axiom.editorui.window.style_editor.tab_active": "Scheda (Attiva)",
    "axiom.editorui.window.style_editor.tab_hovered": "Scheda (Sotto al cursore)",
    "axiom.editorui.window.style_editor.tab_borders": "Bordi Scheda",
    "axiom.editorui.window.style_editor.tab_rounding": "Arrotondamento Scheda",
    "axiom.editorui.window.style_editor.table_border_light": "Bordo Scheda (Chiaro)",
    "axiom.editorui.window.style_editor.table_border_strong": "Bordo Scheda (Forte)",
    "axiom.widget.block_tags": "Tag",
    "axiom.widget.blueprint_tags": "Tag",
    "axiom.editorui.window.target_info": "Informazioni Target",
    "axiom.editorui.window.target_info.targeted_biome": "Bioma mirato: %s",
    "axiom.editorui.window.target_info.targeted_block": "Blocco mirato: %s",
    "axiom.tool.clentaminator.terrain": "Terreno",
    "axiom.tool.text": "Testo",
    "axiom.editorui.window.style_editor.text": "Testo",
    "axiom.editorui.window.style_editor.text_category": "Testo",
    "axiom.editorui.window.style_editor.theme_name": "Nome Tema",
    "axiom.history_description.text_tool": "Strumento Testo (%s blocchi)",
    "axiom.tool.text.text_input": "Testo",
    "axiom.editorui.window.style_editor.theme_parameters": "Parametri Tema",
    "axiom.editorui.window.keybinds.conflicts_with": "Questa scorciatoia è in conflitto con:",
    "axiom.tutorial.selection1": "Questa è una selezione.\nLe selezioni ti consentono di applicare strumenti e operazioni a specifiche parti del mondo.\nPer cancellare una selezione, premi Invio",
    "axiom.tutorial.box_select_tool1": "Questo è lo strimento di selezione a box.\nSeleziona blocchi tra due punti",
    "axiom.tutorial.clentaminator_tool": "Questo è il Clentaminatore.\nPermette di dipingere con preimpostazioni di terreno e decorazioni.\nUtile se devi dare uno stile ad un'area molto velocemente",
    "axiom.tutorial.magic_select_tool": "Questo è lo strumento di selezione automatica.\nSeleziona blocchi vicini dello stesso tipo",
    "axiom.tutorial.sculpt_draw_tool": "Questo è lo strumento di scultura.\nPermette di scolpire il terreno, tirando i blocchi basandosi sulla normale del terreno",
    "axiom.tutorial.slope_tool1": "Questo è lo strumento di pendenza.\nPermette di creare terreno pendente tra due punti",
    "axiom.tutorial.tools_window": "Questa è la finestra degli strumenti. Quì puoi selezionare strumenti per dipingere, terraformare, fare selezioni e altro",
    "axiom.tutorial.main_window": "Questa è la finestra principale.\n%s per ruotare la telecamera.\n%s per usare strumenti.\n%s per usare la telecamera ad arco.\nScorri per avvicinarti/allontanarti velocemente da un punto",
    "axiom.editorui.window.palette.cannot_be_undone": "Questa operazione NON può essere annullata",
    "axiom.editorui.window.palette.this_will_delete_children": "Questo cancellerà anche tutti i sotto-%s",
    "axiom.editorui.window.smooth_selection.threshold": "Soglia",
    "axiom.editorui.window.world_properties.time": "Tempo",
    "axiom.tool.noise_painter.block_mode_threshold": "Soglia",
    "axiom.tool.weld.threshold": "Soglia",
    "axiom.widget.to_block": "A",
    "axiom.capability.tinker.title": "Maneggiare",
    "axiom.editorui.window.style_editor.title_background": "Sottofondo titolo",
    "axiom.editorui.window.style_editor.title_background_active": "Sottofondo titolo (Attivo)",
    "axiom.editorui.window.style_editor.title_background_collapsed": "Sottofondo titolo (Collassato)",
    "axiom.tutorial.box_select_tool2": "Per usare lo strumento, clicca su un punto, trascina il mouse su un altro punto e rilascia il mouse.\nDopo potrai aggiustare con il Gizmos.\nPer confermare la selezione, premi Invio",
    "axiom.tutorial.slope_tool2": "Per usare lo strumento, clicca una volta per selezionare la posizione. Poi, muovi il mouse verso un'altra posizione e clicca e trascina per disegnare la pendenza tra i due punti",
    "axiom.keybind.toggle_bulldozer_cap": "Attiva/Disattiva Ruspa",
    "axiom.keybind.toggle_editor_ui": "Attiva/Disattiva Interfaccia Editor",
    "axiom.keybind.toggle_enhanced_flight_cap": "Attiva/Disattiva Volo Migliorato",
    "axiom.keybind.toggle_force_place_cap": "Attiva/Disattiva Forza Piazzamento",
    "axiom.keybind.toggle_no_updates_cap": "Attiva/Disattiva No Aggiornamenti",
    "axiom.keybind.toggle_replace_mode_cap": "Attiva/Disattiva Modalità Rimpiazzamento",
    "axiom.keybind.toggle_tinker_cap": "Attiva/Disattiva Maneggiamento",
    "axiom.editorui.mainmenu.toolmasks": "Mascheramenti Strumenti",
    "axiom.editorui.window.block_distribution_total": "Totale",
    "axiom.editorui.window.fill.top": "Cima",
    "axiom.editorui.window.tool_masks": "Mascheramenti Strumenti",
    "axiom.editorui.window.tool_options": "Opzioni Strumento",
    "axiom.editorui.window.tools": "Strumenti",
    "axiom.tool.ruler.total_length_euclidean": "Lunghezza Totale (Euclidale) = %s",
    "axiom.tool.ruler.total_length_manhattan": "Lunghezza Totale (Manhattan) = %s",
    "axiom.widget.true_block_property": "Vero",
    "axiom.editorui.window.world_properties.trample_farmland": "Calpesta Raccolti",
    "axiom.editorui.mainmenu.view.ui_scale": "Scala Interfaccia",
    "axiom.editorui.window.world_properties.unavailable": "Non Disponibile",
    "axiom.editorui.window.keybinds.unbind": "Libera",
    "axiom.editorui.mainmenu.edit.undo": "Annulla",
    "axiom.editorui.mainmenu.edit.undo_named": "Annulla %s",
    "axiom.keybinds.undo": "Annulla",
    "axiom.widget.use_blueprint_tag": "Usa Tag",
    "axiom.editorui.window.blueprint_browser.unnamed_blueprint": "Senza nome",
    "axiom.editorui.window.style_editor.unfocused_tab": "Scheda Sfocata",
    "axiom.editorui.window.style_editor.unfocused_tab_active": "Scheda Sfocata (Attiva)",
    "axiom.keybinds.use_tool": "Usa Strumento",
    "axiom.tool.flatten.unlock_y": "Sblocca Y",
    "axiom.tool.shatter.use_active_block": "Usa Blocco Attivo",
    "axiom.keybind_options.use_vanilla_movement": "Usa Movimento Vanilla",
    "axiom.capability.tinker.description": "Varie interazioni utili quando si clicca con il tasto destro con la mano vuota",
    "axiom.editorui.mainmenu.view": "Vista",
    "axiom.keybind_categories.view": "Vista",
    "axiom.tool.biome_painter.visualize_biomes": "Visualizza Biomi",
    "axiom.editorui.window.fill.walls": "Mura",
    "axiom.tool.noise_painter.voronoi_edges": "Bordi Voronoi",
    "axiom.editorui.spectators_generate_chunks_warning": "Avvertenza: la regola di gioco spectatorsGenerateChunks è disattivata, questo comporterà problemi gravi con l'interfaccia editor. Attivare la regola di gioco.",
    "axiom.editorui.mainmenu.operations.waterlog": "Riempi d'acqua",
    "axiom.history_description.waterlogged_n": "Riempidi d'acqua %s blocchi",
    "axiom.history_description.welded": "Saldati %s blocchi",
    "axiom.tool.noise_painter.white_noise": "Bianco",
    "axiom.tool.weld": "Saldare",
    "axiom.editorui.window.style_editor.widget_category": "Widget",
    "axiom.editorui.window.create_shape.width": "Larghezza",
    "axiom.tool.shatter.width": "Larghezza",
    "axiom.editorui.mainmenu.window": "Finestra",
    "axiom.editorui.window.style_editor.window_category": "Finestra",
    "axiom.editorui.window.style_editor.window_background": "Sottofondo Finestra",
    "axiom.editorui.window.style_editor.window_borders": "Bordi Finestra",
    "axiom.keymod.win_super": "Start",
    "axiom.editorui.mainmenu.window.windows": "Finestre",
    "axiom.editorui.window.style_editor.window_rounding": "Arrotondamento Finestra",
    "axiom.toasts.disabled": "'%s' è stato disattivato",
    "axiom.toasts.enabled": "'%s' è stato attivato",
    "axiom.tool.gradient_painter.gradient_interpolation_bezier": "Bezier",
    "axiom.buildertool.scroll_extend": "Clicca per estendere",
    "axiom.tool.clentaminator.crop_type": "Tipo di pianta",
    "axiom.buildertool.erase.delete": "Cancella",
    "axiom.tool.clentaminator.crops": "Piante",
    "axiom.editorui.mainmenu.help.discord_server": "Server Discord...",
    "axiom.editorui.mainmenu.help.documentation": "Documentazione...",
    "axiom.editorui.window.palette.custom_empty": "Vuoto",
    "axiom.editorui.window.tool_masks.mode_dest": "Solo Destinazione",
    "axiom.buildertool.erase": "Cancella",
    "axiom.buildertool.erase.erase_box": "Box Cancellamento",
    "axiom.buildertool.erase.erase_connected": "Cancella Blocchi Connessi",
    "axiom.tool.clentaminator.farmland": "Terra zappata",
    "axiom.capability.fast_place.title": "Piazzamento Veloce",
    "axiom.contextmenu.flight_momentum": "Slancio di Volo: %s%%",
    "axiom.tool.floodfill": "Floodfill",
    "axiom.history_description.floodfilled": "Applicato Floodfill a %s blocchi",
    "axiom.tool.clentaminator.fully_grown": "Totalmente Cresciuti",
    "axiom.tool.gradient_painter.gradient": "Gradiente",
    "axiom.tool.clentaminator.grass_block": "Erba",
    "axiom.tool.gradient_painter": "Pennello Gradiente",
    "axiom.contextmenu.infinite_reach_limit": "Limite di Portata infinita: %s blocchi",
    "axiom.contextmenu.infinite_reach_limit_none": "Limite Portata infinita: ∞",
    "axiom.tool.gradient_painter.gradient_interpolation": "Interpolazione",
    "axiom.contextmenu.liquid_opacity": "Opacità Liquidi: %s%%",
    "axiom.tool.gradient_painter.gradient_interpolation_linear": "Lineare",
    "axiom.contextmenu.min_brightness": "Luminosità Minima: %s%%",
    "axiom.editorui.window.tool_masks.mode": "Modalità",
    "axiom.history_description.modified": "Modificati %s blocchi",
    "axiom.tool.clentaminator.moist_farmland": "Bagnato",
    "axiom.capability.fast_place.description": "Piazza blocchi molto velocemente in maniera controllata",
    "axiom.tool.gradient_painter.gradient_interpolation_nearest": "Più Vicina",
    "axiom.tool.gradient_painter.gradient_shape_plane": "Piano",
    "axiom.tool.gradient_painter.gradient_shape": "Sagoma",
    "axiom.editorui.window.tool_masks.mode_source": "Solo Sorgente",
    "axiom.editorui.window.tool_masks.mode_source_and_dest": "Sorgente e Destinazione",
    "axiom.tool.gradient_painter.gradient_shape_sphere": "Sfera",
    "axiom.keybind.toggle_fast_place_cap": "Attiva/Disattiva Piazzamento Veloce",
    "axiom.tool.clentaminator.tall_grass_block": "Erba Alta",
    "axiom.tool.noise_painter.splatter_noise": "Schizzo",
    "axiom.keybind.toggle_infinite_reach_cap": "Attiva/Disattiva Portata infinita",
    "axiom.contextmenu.type_replace": "Rimpiazzamento per Tipo",
    "axiom.editorui.window.palette.unknown_custom_block": "Blocco Personalizzato Sconosciuto"
}
