{
    "gamerule.axiomDoBlockGravity": "(Axiom) Ativa a Gravidade dos Blocos",
    "axiom.editorui.window.clipboard.copy_hint": "%s para copiar para a área de transferência",
    "gamerule.axiomDoBlockDrops": "(Axiom) Faz os Blocos Caírem",
    "axiom.editorui.window.blueprint_browser.file_browser_other": "navegador de arquivos do seu sistema",
    "axiom.tool.shatter.axis_z": "Z",
    "gamerule.axiomDoTrampleFarmland": "(Axiom) Plantações Pisoteável",
    "axiom.keybind": "Axiom",
    "axiom.editorui.mainmenu.edit.undo_named": "Desfazer %s",
    "axiom.editorui.mainmenu.edit.undo": "Desfazer",
    "axiom.capability.tinker.title": "Chave Inglesa",
    "axiom.editorui.mainmenu.edit.redo": "Refazer",
    "axiom.capability.bulldozer.title": "Escavadeira",
    "axiom.capability.force_place.description": "Ignorar as restrições de posicionamento do bloco",
    "axiom.buildertool.cancel": "Cancelar",
    "axiom.buildertool.clone": "Clonar",
    "axiom.editorui.mainmenu.create.cone": "Cone...",
    "axiom.buildertool.confirm": "Confirmar",
    "axiom.editorui.mainmenu.edit.copy": "Copiar",
    "axiom.editorui.mainmenu.create": "Criar",
    "axiom.editorui.crosshair": "Mira",
    "axiom.editorui.mainmenu.create.cuboid": "Cubóide...",
    "axiom.editorui.mainmenu.edit.cut": "Cortar",
    "axiom.editorui.mainmenu.create.cylinder": "Cilindro...",
    "axiom.editorui.mainmenu.window.windows": "Janelas",
    "axiom.editorui.mainmenu.window": "Janela",
    "axiom.editorui.mainmenu.operations.waterlog": "Alagamento",
    "axiom.editorui.mainmenu.view": "Ver",
    "axiom.editorui.mainmenu.toolmasks": "Ferramentas de Máscara",
    "axiom.editorui.window.analyze.block_count": "Quantidade",
    "axiom.editorui.mainmenu.select.bounding_box": "Caixa Delimitadora",
    "axiom.editorui.mainmenu.select.clear": "Limpar",
    "axiom.editorui.mainmenu.toolmasks.clear": "Limpar",
    "axiom.editorui.window.blueprint_browser.file_browser_win": "Explorador de Arquivos do Windows",
    "axiom.editorui.window.block_distribution_total": "Total",
    "axiom.editorui.window.analyze.block_type": "Bloco",
    "axiom.editorui.window.blueprint_browser.sort_by.block_count": "Quantidade de Blocos",
    "axiom.editorui.window.blueprint_browser": "Navegador de Projetos",
    "axiom.editorui.window.analyze.clear_information": "Limpar",
    "axiom.editorui.window.clipboard.clear": "Limpar",
    "axiom.editorui.window.clipboard": "Área de Transferência",
    "axiom.editorui.window.blueprint_browser.close": "Fechar",
    "axiom.editorui.window.blueprint_browser.confirm": "Confirmar",
    "axiom.editorui.window.create_blueprint": "Criar Projeto",
    "axiom.editorui.window.blueprint_browser.sort_by.descending": "Descendente",
    "axiom.editorui.window.blueprint_browser.overflow_files_message": "Grande quantidade de alterações de arquivo detectadas",
    "axiom.editorui.window.blueprint_browser.file_missing_message2": "Você moveu/excluiu através de %s?",
    "axiom.editorui.window.create_shape.radius": "Raio",
    "axiom.editorui.window.create_blueprint.bp_filter_description": "Arquivos de Projeto",
    "axiom.editorui.window.create_shape.cone": "Cone",
    "axiom.editorui.window.create_shape.copied": "Copiado!",
    "axiom.editorui.window.create_shape": "Criar Forma",
    "axiom.editorui.window.create_shape.cuboid": "Cubóide",
    "axiom.editorui.window.create_shape.cylinder": "Cilindro",
    "axiom.editorui.window.fill.walls": "Paredes",
    "axiom.editorui.window.keybinds.unbind": "Desvincular",
    "axiom.editorui.window.fill.top": "Topo",
    "axiom.editorui.window.keybinds.conflicts_with": "Esta tecla entra em conflito com:",
    "axiom.editorui.window.palette.before": "Antes de %s",
    "axiom.editorui.window.fill.bottom": "Chão",
    "axiom.editorui.window.palette.child_of": "Filho de %s",
    "axiom.editorui.window.palette.custom": "Customizado",
    "axiom.editorui.window.palette.delete": "Deletar %s",
    "axiom.editorui.window.tool_masks.mask_y": "Y",
    "axiom.editorui.window.world_properties": "Propriedades do Mundo",
    "axiom.editorui.window.tools": "Ferramentas",
    "axiom.editorui.window.tool_options": "Opções da Ferramenta",
    "axiom.editorui.window.tool_masks": "Ferramentas de Máscara",
    "axiom.editorui.window.smooth_selection.threshold": "Limite",
    "axiom.editorui.window.palette.this_will_delete_children": "Isso também apagará todos os filhos de %s",
    "axiom.editorui.window.target_info.targeted_block": "Bloco alvo: %s",
    "axiom.editorui.window.target_info.targeted_biome": "Bioma alvo: %s",
    "axiom.editorui.window.target_info": "Informações do Alvo",
    "axiom.editorui.window.tool_masks.mask_below": "Abaixo",
    "axiom.editorui.window.tool_masks.mask_block": "Bloco",
    "axiom.editorui.window.world_properties.block_drops": "Largar blocos",
    "axiom.editorui.window.world_properties.block_gravity": "Gravidade dos blocos",
    "axiom.editorui.window.world_properties.blocks": "Blocos",
    "axiom.editorui.window.world_properties.day": "Dia",
    "axiom.editorui.window.world_properties.unavailable": "Indisponível",
    "axiom.editorui.window.world_properties.trample_farmland": "Pisotear terra arada",
    "axiom.editorui.window.world_properties.time": "Tempo",
    "axiom.history_description.biome_painted": "%s blocos de bioma pintados",
    "axiom.history_description.cloned": "%s blocos clonados",
    "axiom.history_description.cut": "%s blocos cortados",
    "axiom.history_description.deleted": "%s blocos deletados",
    "axiom.history_description.deselected": "Desselecionado %s blocos",
    "axiom.history_description.deselected_all": "Desselecionados todos os blocos",
    "axiom.history_description.welded": "%s blocos foram soldados",
    "axiom.keybind_categories.view": "Ver",
    "axiom.keybind.toggle_tinker_cap": "Ligar/Desligar Tinker",
    "axiom.keybind.toggle_replace_mode_cap": "Ligar/Desligar Substituição",
    "axiom.keybind.toggle_force_place_cap": "Ligar/Desligar Preenchimento Forçado",
    "axiom.keybind.toggle_enhanced_flight_cap": "Ligar/Desligar Voo Aprimorado",
    "axiom.keybind.toggle_editor_ui": "Ativar/Desativar  Editor",
    "axiom.keybind.toggle_bulldozer_cap": "Ligar/Desligar Escavadeira",
    "axiom.history_description.text_tool": "Ferramenta de Texto (%s blocos)",
    "axiom.keybind_categories.basic": "Básico",
    "axiom.keybind.builder_tool_slot": "Slot de Ferramentas do Construtor",
    "axiom.keybind.context": "Menu de Contexto",
    "axiom.tool.biome_painter.visualize_biomes": "Visualizar Biomas",
    "axiom.keybind_options.use_vanilla_movement": "Usar Movimento Padrão",
    "axiom.keybinds.use_tool": "Usar Ferramenta",
    "axiom.keybinds.undo": "Desfazer",
    "axiom.keymod.super": "Super",
    "axiom.keybinds.redo": "Refazer",
    "axiom.tool.biome_painter": "Pincel de Biomas",
    "axiom.keymod.mac_cmd": "Tecla Cmd",
    "axiom.keybinds.copy": "Copiar",
    "axiom.keymod.ctrl": "Ctrl",
    "axiom.keybinds.cut": "Cortar",
    "axiom.tool.clentaminator.terrain": "Terreno",
    "axiom.tool.clentaminator.clear": "Limpar",
    "axiom.tool.clentaminator": "Naturalizador",
    "axiom.tool.clentaminator.dirt_ground": "Chão de terra",
    "axiom.tool.noise_painter.block_mode_threshold": "Limite",
    "axiom.tool.generic.surface_only": "Apenas na Superfície",
    "axiom.tool.generic.brush_radius": "Raio",
    "axiom.tool.magic_select.compare_block": "Bloco",
    "axiom.tool.noise_painter.block_mode_count": "Contagem de Blocos",
    "axiom.tool.magic_select.compare_blockstate": "BlockState",
    "axiom.tool.noise_painter.blocks": "Blocos",
    "axiom.tool.generic.brush": "Pincel",
    "axiom.tool.noise_painter.cumulative_distribution": "Distribuição Cumulativa",
    "axiom.tool.noise_painter.voronoi_edges": "Bordas de Voronoi",
    "axiom.tool.rock.preview_disabled": "Desativado automaticamente para o Raio > %s",
    "axiom.tool.shatter.axis_y": "Y",
    "axiom.tool.shatter.axis_x": "X",
    "axiom.tool.shatter.width": "Largura",
    "axiom.tool.ruler.total_length_manhattan": "Comprimento total (Manhattan) = %s",
    "axiom.tool.ruler.total_length_euclidean": "Comprimento total (Euclidiano) = %s",
    "axiom.tool.selection.subtract": "Subtrair",
    "axiom.tool.sculpt_draw.strength": "Força",
    "axiom.tool.shatter.axis": "Eixo",
    "axiom.tool.slope.mode_cone": "Cone",
    "axiom.tool.shape.cube": "Cubo",
    "axiom.tool.sculpt_draw.denoise": "Desruidificar",
    "axiom.tool.weld": "Soldar",
    "axiom.widget.use_blueprint_tag": "Usar Etiqueta",
    "axiom.widget.true_block_property": "Verdadeiro",
    "axiom.widget.to_block": "Para",
    "axiom.tool.weld.threshold": "Limite",
    "axiom.tutorial.tools_window": "Esta é a Janela de Ferramentas. Aqui você pode selecionar ferramentas de terraformação, pintura, fazer seleções e muito mais",
    "axiom.tool.text.text_input": "Texto",
    "axiom.tool.text": "Texto",
    "axiom.widget.blueprint_tags": "Etiquetas",
    "axiom.widget.block_tags": "Etiquetas",
    "axiom.tool.weld.strength": "Força",
    "axiom.tool.smooth.strength": "Força",
    "axiom.widget.error_biome_registry": "O registro do bioma não existe!",
    "axiom.tool.smooth.block_ratio": "Proporção de Blocos",
    "axiom.widget.cancel": "Cancelar",
    "axiom.tool.slope.tutorial1": "Clique uma vez para definir a posição de destino",
    "axiom.widget.confirm": "Confirmar",
    "axiom.widget.create_blueprint_tag": "Criar Etiqueta",
    "axiom.widget.delete": "Deletar",
    "axiom.keymod.win_super": "Tecla Windows",
    "axiom.editorui.window.create_shape.width": "Largura",
    "axiom.tool.noise_painter.white_noise": "Branco",
    "axiom.editorui.spectators_generate_chunks_warning": "Aviso: A regra do jogo spectatorsGenerateChunks é falsa, isso causará grandes problemas com a interface do usuário do editor. Por favor, defina a regra do jogo para verdadeira",
    "axiom.capability.tinker.description": "Várias interações úteis ao clicar com o botão direito do mouse",
    "axiom.tool.shatter.use_active_block": "Usar Bloco Ativo",
    "axiom.editorui.window.blueprint_browser.unnamed_blueprint": "Sem nome",
    "axiom.tool.flatten.unlock_y": "Desbloquear Y",
    "axiom.keybind.toggle_no_updates_cap": "Ligar/Desligar Sem Atualizações",
    "axiom.editorui.window.palette.cannot_be_undone": "Essa operação NÃO PODE ser desfeita",
    "axiom.tutorial.main_window": "Esta é a janela de visualização principal.\n%s para girar a câmera.\n%s para usar ferramentas.\n%s para usar a câmera esférica.\nRole com o botão do meio do mouse para mover-se rapidamente para perto/longe de um ponto",
    "axiom.keybind_capabilities": "Axiom (Capacidades)",
    "axiom.tutorial.history": "O Axiom acompanha as alterações de bloco para que você possa desfazer e refazer, esta janela mostra essas alterações. (Dica: clicar com o botão esquerdo retrocede o histórico, clicar com o botão direito verifica a alteração)",
    "axiom.tool.ruler.bounding_size": "Delimitar Tamanho = %s, %s, %s",
    "axiom.tool.box_select": "Seleção em Caixa",
    "axiom.tool.magic_select.compare_mode": "Comparar",
    "axiom.editorui.window.create_shape.copy_to_clipboard": "Copiar para a área de transferência",
    "axiom.tool.clentaminator.decorations": "Decorações",
    "axiom.editorui.window.blueprint_browser.delete": "Deletar",
    "axiom.editorui.mainmenu.operations.analyze": "Analisar...",
    "axiom.editorui.window.active_block": "Bloco Ativo",
    "axiom.editorui.window.analyze": "Analisar",
    "axiom.editorui.window.blueprint_browser.add_folder": "Adicionar Pasta",
    "axiom.editorui.window.analyze.do_analyze": "Analisar",
    "axiom.editorui.window.blueprint_browser.sort_by.ascending": "Ascendente",
    "axiom.editorui.window.blueprint_browser.automatically_refresh": "Recarregar Automaticamente",
    "axiom.editorui.window.create_blueprint.angle": "Ângulo",
    "axiom.editorui.window.create_blueprint.author": "Autor",
    "axiom.editorui.window.palette.add_new_block": "Adicionar novo bloco",
    "axiom.editorui.window.palette.add_new_category": "Adicionar nova categoria",
    "axiom.editorui.window.palette.after": "Depois de %s",
    "axiom.editorui.window.fill.all": "Tudo",
    "axiom.editorui.window.palette.are_you_sure_delete": "Você tem certeza de que quer deletar '%s'?",
    "axiom.editorui.window.tool_masks.mask_above": "Acima",
    "axiom.editorui.window.tool_masks.mask_all": "Tudo",
    "axiom.editorui.window.tool_masks.mask_angle": "Ângulo",
    "axiom.editorui.window.tool_masks.mask_any": "Qualquer",
    "axiom.keymod.alt": "Alt",
    "axiom.keybinds.arcball_camera": "Camera Esférica",
    "axiom.tool.generic.advanced_options": "Avançado",
    "axiom.tool.magic_select.compare_any": "Qualquer um",
    "axiom.tool.roughen.mode_add": "Adicionar",
    "axiom.tool.shatter.axis_3d": "3D",
    "axiom.tool.selection.add": "Adicionar",
    "axiom.tool.ruler.add_point": "Adicionar Ponto",
    "gamerule.axiomPlayerInvulnerability": "(Axiom) Invulnerabilidade do Jogador",
    "axiom.widget.add_blueprint_tag": "Adicionar Tag",
    "axiom.widget.any_block_property": "Qualquer",
    "axiom.editorui.window.active_block.edit_properties_below": "*Edite as propriedades abaixo",
    "axiom.tool.rock.smoothing_stddev.description": "0 = sem alisamento\n2 = normal (~4 blocos) alisamento\n5 = bem forte (~10 blocos) alisamento",
    "axiom.tool.noise_painter.3d_mode": "Modo 3D",
    "axiom.editorui.window.palette.add_block_to": "Adicionar bloco para %s",
    "axiom.editorui.window.create_shape.advanced": "Avançado",
    "axiom.tool.clentaminator.allow_tall_grass": "Permitir Grama Alta",
    "axiom.editorui.window.blueprint_browser.disable_auto_refresh": "Desativar Auto Carregamento",
    "axiom.editorui.mainmenu.select.distort": "Distorção...",
    "axiom.editorui.window.distort_selection.do_distort": "Distorcer",
    "axiom.editorui.window.distort_selection": "Seleção de Distorção",
    "axiom.editorui.window.target_info.distance": "Distância: %s",
    "axiom.history_description.distorted": "%s Blocos Distorcidos",
    "axiom.keybind.orbit_camera": "Câmera Orbital",
    "axiom.tool.distort.distance_x": "Distância X",
    "axiom.tool.distort.distance_y": "Distância Z",
    "axiom.tool.distort.distance_z": "Distância Z",
    "axiom.tool.distort": "Distorcer",
    "axiom.tool.distort.distortion": "Distorção",
    "axiom.tool.extrude.displace": "Deslocar",
    "axiom.tool.slope.tutorial2": "Arraste de outro lugar para desenhar a inclinação",
    "axiom.editorui.window.analyze.block_distribution": "Distr",
    "axiom.editorui.window.distort_selection.distance": "Distância",
    "axiom.tool.distort.distance": "Distância",
    "axiom.editorui.mainmenu.edit": "Editar",
    "axiom.capability.airplane.title": "Voo Melhorado",
    "axiom.editorui.mainmenu.toolmasks.edit": "Editar",
    "axiom.editorui.mainmenu.select.expand": "Expandir...",
    "axiom.editorui.window.blueprint_browser.edit_blueprint": "Editar Projeto",
    "axiom.editorui.window.clipboard.empty": "Vazio",
    "axiom.editorui.window.palette.invalid_name_duplicate": "Nome duplicado: %s já existe",
    "axiom.editorui.window.expand_selection.do_expand": "Expandir",
    "axiom.editorui.window.expand_selection": "Expandir Seleção",
    "axiom.editorui.window.expand_selection.expand_selection_by": "Expandir seleção por",
    "axiom.keybind_categories.edit": "Editar",
    "axiom.history_description.elevation_tool": "Ferrramenta de Elevação (%s blocks)",
    "axiom.history_description.expanded": "Expandiu %s blocks",
    "axiom.tool.elevation": "Elevação",
    "axiom.tool.extrude.mode.expand": "Expandir",
    "axiom.tool.extrude": "Extrusão",
    "axiom.widget.error": "Erro",
    "axiom.editorui.mainmenu.operations.drain": "Drenar",
    "axiom.history_description.drew": "Desenhou %s blocos",
    "axiom.editorui.mainmenu.operations.fill_category": "Preencher",
    "axiom.editorui.window.blueprint_browser.move_file_already_exists": "Arquivo '%s' já existe no diretório",
    "axiom.editorui.window.blueprint_browser.file_missing_message1": "Arquivo '%s' não existe mais!",
    "axiom.editorui.window.fill": "Preencher",
    "axiom.history_description.extrude_tool": "Ferramenta de Extrusão (%s blocos)",
    "axiom.tool.clentaminator.fertile_ocean_floor": "Chão Fertil do Oceano",
    "axiom.widget.false_block_property": "Falso",
    "axiom.tool.biome_painter.fill_vertically": "Preencher Verticalmente",
    "axiom.editorui.mainmenu.operations.fill_walls": "Preencher paredes...",
    "axiom.editorui.mainmenu.operations.fill_bottom": "Preencher Fundo...",
    "axiom.editorui.mainmenu.operations.fill_nearest": "Preencher mais Próximo",
    "axiom.editorui.mainmenu.operations.fill_outline": "Preencher Contorno...",
    "axiom.editorui.mainmenu.operations.fill_top": "Preencher Topo...",
    "axiom.editorui.window.set_biome.fill_vertically": "Preencher Verticalmente",
    "axiom.tool.distort.separate_axis": "Eixo Separado",
    "axiom.tool.selection": "Seleção",
    "axiom.editorui.window.create_shape.separate_xyz": "XYZ Separado",
    "axiom.editorui.window.create_shape.separate_xz": "XZ Separado",
    "axiom.editorui.window.world_properties.unavailable_description": "O servidor não suporta a edição de nenhuma propriedade do mundo",
    "axiom.editorui.mainmenu.operations.set_biome": "Definir Bioma...",
    "axiom.editorui.window.create_shape.shape": "Forma",
    "axiom.editorui.window.set_biome": "Definir Bioma",
    "axiom.editorui.window.set_biome.do_set_biome": "Definir Bioma",
    "axiom.tool.generic.brush_shape": "Forma",
    "axiom.buildertool.smear": "Borrar",
    "axiom.editorui.mainmenu.view.show_biomes": "Mostrar Biomas",
    "axiom.editorui.mainmenu.view.show_key_presses": "Mostrar Teclas Pressionadas",
    "axiom.editorui.mainmenu.view.show_selection": "Mostrar Seleção",
    "axiom.editorui.mainmenu.select.shrink": "Encolher...",
    "axiom.editorui.mainmenu.operations.simulation_category": "Simulação",
    "axiom.editorui.mainmenu.select.smooth": "Suavizar...",
    "axiom.editorui.window.shrink_selection.do_shrink": "Encolher",
    "axiom.editorui.window.shrink_selection": "Encolher Seleção",
    "axiom.editorui.window.smooth_selection.do_smooth": "Suavizar",
    "axiom.editorui.window.smooth_selection": "Suavizar Seleção",
    "axiom.history_description.shatter": "%s blocos quebrados",
    "axiom.history_description.shrunk": "%s blocks encolhidos",
    "axiom.history_description.slope_tool": "Ferramenta de Declive (%s blocos)",
    "axiom.history_description.smeared": "%s blocos borrados",
    "axiom.history_description.smoothed": "%s blocos suavizados",
    "axiom.keymod.shift": "Shift",
    "axiom.keybinds.show_biomes": "Mostrar Biomas",
    "axiom.keybinds.show_selection": "Mostrar Seleção",
    "axiom.tool.box_select.shrink": "Encolher",
    "axiom.tool.box_select.shrink_description": "Reduz a seleção excluindo os blocos de ar",
    "axiom.tool.box_select.size": "Tamanho",
    "axiom.tool.distort.smooth_edges": "Suavizar Bordas",
    "axiom.tool.heightmap.sharpness": "Nitidez",
    "axiom.tool.extrude.mode.shrink": "Encolher",
    "axiom.tool.noise_painter.simplex_noise": "Simplex",
    "axiom.tool.shatter": "Quebrar",
    "axiom.tool.slope": "Declive",
    "axiom.tool.text.text_size": "Tamanho",
    "axiom.tool.smooth": "Suavizar",
    "axiom.tool.generic.smoothing_options": "Suavização",
    "axiom.editorui.mainmenu.operations.fill_outline_description": "Preencher todas as bordas numa seleção com um bloco",
    "axiom.capability.force_place.title": "Forçar Colocação",
    "axiom.buildertool.first_point": "Primeiro Ponto",
    "axiom.editorui.window.world_properties.fire_tick": "Propagação do fogo",
    "axiom.history_description.flatten_tool": "Ferramenta de Aplanar (%s blocos)",
    "axiom.keybinds.flip_placement": "Inverter Posicionamento",
    "axiom.tool.flatten": "Aplanar",
    "axiom.tool.smooth.fix_edges": "Reparar as Bordas",
    "axiom.editorui.mainmenu.operations.fill_bottom_description": "Preencha as bordas inferiores selecionadas com um bloco",
    "axiom.editorui.mainmenu.operations.fill_walls_description": "Preencha as bordas horizontais selecionadas com um bloco",
    "axiom.editorui.mainmenu.operations.fill_description": "Preencha a seleção com um bloco",
    "axiom.editorui.mainmenu.operations.fill_top_description": "Preencha as bordas superiores selecionadas com um bloco",
    "axiom.editorui.mainmenu.operations.fill": "Preencha...",
    "axiom.editorui.window.blueprint_browser.file_browser_osx": "Localizador",
    "axiom.keybinds.quick_fill.fill_with": "Preencha com...",
    "axiom.capability.bulldozer.description": "Segure %s para quebrar blocos bem rápido",
    "axiom.editorui.mainmenu.create.sphere": "Esfera...",
    "axiom.buildertool.stack": "Empilhar",
    "axiom.editorui.window.blueprint_browser.sort_by": "Ordenar Por",
    "axiom.editorui.window.create_shape.sphere": "Esfera",
    "axiom.tool.magic_select.compare_solid": "Sólido",
    "axiom.tool.rock.smoothing_stddev": "Desvio Padrão da Suavização",
    "axiom.tool.smooth.mode_stable": "Estável",
    "axiom.tool.shape.sphere": "Esfera",
    "axiom.tutorial.active_block": "Algumas ferramentas requerem um bloco para pintar ou colocar. Aqui você pode alternar os blocos clicando no ícone",
    "axiom.history_description.stacked": "%s blocos empilhados",
    "axiom.tool.clentaminator.stone": "Pedra",
    "axiom.editorui.window.smooth_selection.stddev": "Desvio Padrão",
    "axiom.tool.freehand_draw": "Desenho Livre",
    "axiom.tool.freehand_select": "Seleção Livre",
    "axiom.editorui.window.world_properties.freeze_time": "Congelar o tempo",
    "axiom.tool.clentaminator.grass": "Grama",
    "axiom.tool.noise_painter.gain": "Ganho",
    "axiom.widget.from_block": "De",
    "axiom.editorui.mainmenu.help": "Ajuda",
    "axiom.editorui.mainmenu.operations.gravity": "Gravidade",
    "axiom.editorui.window.history": "Histórico",
    "axiom.tool.clentaminator.grassiness": "Quantidade de Grama",
    "axiom.tool.clentaminator.gravel_ground": "Chão de Cascalho",
    "axiom.tool.heightmap.height": "Altura",
    "axiom.tool.smooth.mode_grow": "Crescer",
    "axiom.tutorial.tool_options": "Aqui você pode encontrar as configurações para a ferramenta selecionada.",
    "axiom.editorui.window.create_shape.yaw": "Guinada",
    "axiom.tool.ruler.yaw": "Guinada = %s",
    "axiom.editorui.hold_for_more_options": "Segure %s para mais opções",
    "axiom.editorui.window.create_shape.hollow": "Oco",
    "axiom.tool.rock.noisiness.description": "Quão fortemente os blocos são influenciados pelo campo de ruído\n0 = sem ruído, esférico\n1 = ruído forte, bolhas",
    "axiom.editorui.window.fill.inside": "Dentro",
    "axiom.editorui.window.tool_masks.mask_inselection": "Na seleção",
    "axiom.tool.rock.meld_strength.description": "Quão fortemente a ferramenta se funde com o solo\nIsso é afetado pelo 'Desvio Padrão da Suavização'",
    "axiom.tool.ruler.information": "Informações",
    "axiom.tool.selection.intersect": "Interseção",
    "axiom.editorui.window.palette.invalid_name_blank": "Nome inválido: não pode ficar em branco",
    "axiom.editorui.window.palette.invalid_name_contains_hash": "Nome inválido: não pode conter '#'",
    "axiom.tool.distort.iterations": "Iterações",
    "axiom.tool.sculpt_draw.invert": "Inverter",
    "axiom.keybind_options.invert_camera_rotate": "Inverter Rotação da Câmera",
    "axiom.editorui.mainmenu.help.keybinds": "Teclas de atalho...",
    "axiom.editorui.window.clipboard.placement_options.keep_existing": "Manter Existência",
    "axiom.editorui.window.keybinds": "Teclas de atalho",
    "axiom.tool.noise_painter.jitter": "Jitter",
    "axiom.editorui.left_mouse_short": "Botão esquerdo",
    "axiom.tool.noise_painter.lacunarity": "Quantidade de Lacunas",
    "axiom.tool.generic.limit": "Limite",
    "axiom.editorui.mainmenu.view.liquid_opacity": "Opacidade dos Líquidos",
    "axiom.tool.noise_painter.worley_noise": "Worley",
    "axiom.tool.generic.live_preview": "Previsão Ao Vivo",
    "axiom.tool.flatten.lock_y": "Bloquear Y",
    "axiom.tool.flatten.locked_at": "Fixado em: %s",
    "axiom.editorui.window.tool_masks.logic": "Lógica",
    "axiom.editorui.middle_mouse_short": "Botão do meio",
    "axiom.tool.elevation.lower": "Mais Baixo",
    "axiom.tool.magic_select": "Seleção Mágica",
    "axiom.editorui.view.main_name": "Principal",
    "axiom.editorui.window.mask_selection.mask": "Máscara",
    "axiom.editorui.window.mask_selection": "Seleção da Máscara",
    "axiom.tool.generic.mask_surface": "Usar Máscara na Superfície",
    "axiom.tool.sculpt_draw.mask_y": "Mascarar Y",
    "axiom.editorui.mainmenu.select.mask": "Máscara...",
    "axiom.editorui.window.tool_masks.masks": "Máscaras",
    "axiom.tool.rock.meld_strength": "Força da Fusão",
    "axiom.tool.ruler.maximum": "Máximo = %s, %s, %s",
    "axiom.tool.melt": "Derreter",
    "axiom.tool.smooth.mode_melt": "Derreter",
    "axiom.history_description.melted": "%s blocos derretidos",
    "axiom.tool.noise_painter.metaball_noise": "Metaball",
    "axiom.editorui.window.world_properties.midnight": "Meia noite",
    "axiom.editorui.mainmenu.view.min_brightness": "Brilho Mínimo",
    "axiom.tool.roughen.min_faces": "Faces Mínimas",
    "axiom.tool.ruler.minimum": "Mínimo = %s, %s, %s",
    "axiom.editorui.window.world_properties.mob_spawning": "Nascimento de monstros",
    "axiom.tool.elevation.raise_lower_mode": "Modo",
    "axiom.buildertool.move": "Mover",
    "axiom.editorui.window.blueprint_browser.move_file": "Mover",
    "axiom.keybinds.move_backward": "Andar para trás",
    "axiom.keybinds.move_down": "Andar para baixo",
    "axiom.keybinds.move_forward": "Andar para frente",
    "axiom.tool.extrude.mode": "Modo",
    "axiom.tool.selection.mode": "Modo",
    "axiom.tool.slope.mode": "Modo",
    "axiom.tool.smooth.modifiers": "Modificadores",
    "axiom.capability.airplane.description": "Voo mais preciso - sem impulso e movimento na direção da câmera",
    "axiom.keybinds.move_left": "Andar para esquerda",
    "axiom.keybinds.move_quick": "Andar rapidamente (Correr)",
    "axiom.history_description.moved": "%s blocos movidos",
    "axiom.keybinds.move_right": "Andar para direita",
    "axiom.keybinds.move_up": "Andar para cima",
    "axiom.keybind_categories.movement": "Movimentação",
    "axiom.history_description.set_n_blocks_to": "Definir %s blocos para %s",
    "axiom.history_description.selected_additional": "Selecionados +%s blocos",
    "axiom.history_description.selected": "Selecionados %s blocos",
    "axiom.widget.select_block": "Selecione o bloco",
    "axiom.buildertool.second_point": "Segundo Ponto",
    "axiom.editorui.mainmenu.select": "Selecionar",
    "axiom.tool.generic.noise_seed": "Semente",
    "axiom.widget.search_block": "Procurar",
    "axiom.history_description.sculpt_draw_tool": "Ferramenta de Esculpir (%s blocos)",
    "axiom.editorui.mainmenu.edit.save_blueprint": "Salvar Projeto",
    "axiom.editorui.window.create_blueprint.save": "Salvar",
    "axiom.tool.sculpt_draw": "Esculpir",
    "axiom.editorui.window.create_blueprint.save_blueprint": "Salvar Projeto",
    "axiom.keybinds.save_blueprint": "Salvar Projeto",
    "axiom.tool.distort.scale": "Escala",
    "axiom.tool.noise_painter.scale": "Escala",
    "axiom.tool.shatter.scale": "Escala",
    "axiom.key.scroll_down": "Rolar para Baixo",
    "axiom.key.scroll_left": "Rolar para a Esquerda",
    "axiom.key.scroll_right": "Rolar para a Direita",
    "axiom.key.scroll_up": "Rolar para Cima",
    "axiom.buildertool.clone.scroll": "Role para Clonar",
    "axiom.buildertool.move.scroll": "Role para Mover",
    "axiom.tool.flatten.right_click_to_lock": "Clique com o botão direito para bloquear",
    "axiom.buildertool.smear.scroll": "Role para Borrar",
    "axiom.buildertool.stack.scroll": "Role para Empilhar",
    "axiom.editorui.window.replace.do_replace": "Substituir",
    "axiom.keybinds.quick_replace.replace_from": "Substituir (De)",
    "axiom.keybinds.quick_replace.replace_to": "Substituir (para)",
    "axiom.tool.selection.replace": "Substituir",
    "axiom.capability.replace_mode.title": "Modo de Substituição",
    "axiom.editorui.mainmenu.operations.fill_nearest_description": "Substituir blocos de ar com o bloco que não é de ar mais próximo",
    "axiom.editorui.mainmenu.operations.replace": "Substituir...",
    "axiom.tool.extrude.displace_expand_description": "Move superfícies com 1 de espessura em vez de cloná-las",
    "axiom.tool.generic.reset_to_default": "Redefinir para padrão",
    "axiom.tool.extrude.displace_shrink_description": "Move superfícies com 1 de espessura em vez de excluí-las",
    "axiom.capability.replace_mode.description": "Clique os blocos com o botão direito para substituir eles com o bloco segurado",
    "axiom.tool.rock": "Modelar",
    "axiom.history_description.rock_tool": "Modelar (%s blocos)",
    "axiom.editorui.window.create_shape.roll": "Rolar",
    "axiom.keybinds.rotate_camera": "Girar Câmera",
    "axiom.editorui.window.clipboard.placement_options.rotate": "Girar...",
    "axiom.keybinds.rotate_placement": "Girar o Posicionamento",
    "axiom.tool.roughen": "Brutificar",
    "axiom.history_description.roughen_tool": "Ferramenta para Brutificar (%s blocos)",
    "axiom.tool.clentaminator.sand": "Areia",
    "axiom.tool.ruler": "Régua",
    "axiom.tool.elevation.raise": "Aumentar",
    "axiom.editorui.window.world_properties.random_tick_speed": "Frequência de ciclos aleatórios",
    "axiom.tool.generic.noise_seed_do_randomize": "Randomizar a semente",
    "axiom.tool.rock.noise_field_seed.hint": "Randomizado",
    "axiom.editorui.mainmenu.edit.redo_named": "Refazer %s",
    "axiom.editorui.window.palette.recently_used": "Usado Recentemente",
    "axiom.tool.magic_select.range": "Alcance",
    "axiom.tool.noise_painter.metaball_range": "Alcance",
    "axiom.tool.roughen.ratio": "Proporção",
    "axiom.editorui.window.blueprint_browser.reload": "Recarregar",
    "axiom.tool.roughen.mode_remove": "Remover",
    "axiom.widget.remove_blueprint_tag": "Remover",
    "axiom.editorui.window.palette.remove_block": "Remover Bloco",
    "axiom.editorui.window.palette.rename": "Renomear %s",
    "axiom.tool.ruler.remove_point_i": "Remover Ponto %s",
    "axiom.widget.rename": "Renomear",
    "axiom.editorui.window.blueprint_browser.rename_file": "Renomear Arquivo",
    "axiom.editorui.window.replace": "Substituir",
    "axiom.history_description.placed": "%s blocos colocados",
    "axiom.keybind_categories.placement": "Posicionamento",
    "axiom.editorui.window.clipboard.placement_options": "Opções de Posicionamento",
    "axiom.tool.slope.mode_plane": "Plano",
    "axiom.editorui.window.world_properties.player": "Jogador",
    "axiom.editorui.window.world_properties.player_invulnerability": "Invulnerabilidade do jogador",
    "axiom.tool.ruler.point_i": "Ponto %s",
    "axiom.tool.ruler.points": "Pontos",
    "axiom.tool.box_select.position": "Posição",
    "axiom.editorui.window.target_info.position": "Posição: %s, %s, %s",
    "axiom.capability.no_updates.description": "Evitar o acionamento de atualizações de vizinhos ao colocar/quebrar",
    "axiom.tool.noise_painter.probability_density": "Densidade de Probabilidade",
    "axiom.editorui.window.create_shape.pyramid": "Pirâmide",
    "axiom.widget.block_properties": "Propriedades",
    "axiom.editorui.mainmenu.create.pyramid": "Pirâmide...",
    "axiom.keybinds.quick_fill": "Preenchimento Rápido",
    "axiom.keybinds.quick_replace": "Substituição Rápida",
    "axiom.editorui.right_mouse_short": "Botão Direito",
    "axiom.tool.noise_painter.octaves": "Octavas",
    "axiom.editorui.mainmenu.operations": "Operações",
    "axiom.keybind_categories.operations": "Operações",
    "axiom.editorui.window.fill.outline": "Contorno",
    "axiom.editorui.window.blueprint_browser.overflow_files": "Transbordamento!",
    "axiom.editorui.window.blueprint_browser.move_file_overwrite": "Substituir",
    "axiom.history_description.painted": "%s blocos pintados",
    "axiom.editorui.window.tool_masks.mask_near": "Perto",
    "axiom.tool.painter": "Pincel",
    "axiom.editorui.window.palette": "Paleta",
    "axiom.editorui.window.tool_masks.mask_neighbor": "Vizinho",
    "axiom.editorui.window.tool_masks.mask_not": "Excluir",
    "axiom.editorui.window.clipboard.placement_options.paste_air": "Colar Ar",
    "axiom.keybinds.pan_camera": "Câmera Panorâmica",
    "axiom.keybinds.paste": "Colar",
    "axiom.editorui.pin_location": "Fixar Local",
    "axiom.editorui.pin_world": "Fixar Mundo",
    "axiom.keybinds.pick_block": "Escolher Bloco",
    "axiom.editorui.window.create_shape.pitch": "Inclinação",
    "axiom.editorui.window.create_shape.do_place": "Colocar",
    "axiom.tool.ruler.pitch": "Inclinação = %s",
    "axiom.editorui.window.world_properties.night": "Noite",
    "axiom.editorui.window.world_properties.noon": "Meio dia",
    "axiom.history_description.placed_blueprint": "Colocado %s",
    "axiom.editorui.view.create_new": "Nova Visão",
    "axiom.editorui.view.new_view_name": "Nova Visão",
    "axiom.editorui.window.tool_options.no_active_tool": "Nenhuma ferramenta ativa",
    "axiom.capability.no_updates.title": "Sem atualização",
    "axiom.editorui.window.history.no_history": "Sem histórico",
    "axiom.editorui.multiple_keybinds": "Vários",
    "axiom.editorui.window.blueprint_browser.file_missing": "Este arquivo não existe!",
    "axiom.editorui.window.target_info.no_target": "Nenhum alvo",
    "axiom.tool.generic.noise": "Ruído",
    "axiom.tool.rock.noise_field_seed": "Campo para a semente do ruído",
    "axiom.tool.ruler.no_information": "Sem informações",
    "axiom.editorui.window.blueprint_browser.sort_by.name": "Nome",
    "axiom.editorui.window.blueprint_browser.new_folder": "Nova pasta",
    "axiom.editorui.window.create_blueprint.name": "Nome",
    "axiom.tool.noise_painter": "Pincel de Ruídos",
    "axiom.editorui.window.blueprint_browser.new_folder_i": "Nova pasta (%s)",
    "axiom.tool.noise_painter.noise_preview": "Previsão do Ruído",
    "axiom.editorui.window.distort_selection.noise_radius": "Raio do ruído",
    "axiom.tool.rock.noise_radius": "Raio do ruído",
    "axiom.editorui.no_keybind": "Indefinido",
    "axiom.tool.rock.noisiness": "Amplificação do ruído",
    "axiom.tool.shape.octahedron": "Octaedro",
    "axiom.widget.ok": "Ok",
    "axiom.editorui.window.clipboard.n_blocks": "%s blocos",
    "axiom.editorui.mainmenu.help.debug_info": "Informações de Debug",
    "axiom.history_description.waterlogged_n": "%s blocos enchidos com água",
    "axiom.editorui.mainmenu.view.ui_scale": "Escala da Interface",
    "axiom.editorui.window.shrink_selection.shrink_selection_by": "Reduzir seleção por",
    "axiom.editorui.window.debug_info": "Informações de Debug",
    "axiom.editorui.window.fill.do_fill": "Preencher",
    "axiom.editorui.window.create_shape.height": "Altura",
    "axiom.history_description.drained_n": "%s blocos líquidos drenados",
    "axiom.editorui.mainmenu.help.reset_tutorial": "Reativar Tutorial",
    "axiom.keybinds.crosshair_camera": "Mira",
    "axiom.capability.infinite_reach.title": "Alcance Infinito",
    "axiom.capability.infinite_reach.description": "Remove o alcance infinito",
    "axiom.history_description.fill_nearest": "%s blocos próximos preenchidos",
    "axiom.tutorial.selection2": "%s pode ser usado para preencher a seleção com blocos\n%s te permite substituir blocos.\n%s/%s/Dele para copiar/recortar/deletar",
    "axiom.editorui.window.keybinds.load_axiom_defaults": "Padrões Axiom",
    "axiom.editorui.window.style_editor.base_style": "Estilo Base",
    "axiom.editorui.window.keybinds.load_blender_defaults": "Tipo Blender",
    "axiom.editorui.window.style_editor.border_color": "Borda",
    "axiom.editorui.window.style_editor.borders_category": "Bordas",
    "axiom.editorui.window.style_editor.button": "Botão",
    "axiom.editorui.window.style_editor.button_active": "Botão (Ativo)",
    "axiom.editorui.window.style_editor.button_hovered": "Botão (Por cima de)",
    "axiom.editorui.window.style_editor.checkmark": "Marca de seleção",
    "axiom.editorui.window.style_editor.child_borders": "Bordas Filhas",
    "axiom.editorui.window.style_editor.child_rounding": "Arredondamento dos Filhos",
    "axiom.editorui.window.style_editor.color": "Cor",
    "axiom.editorui.window.style_editor.copied": "Copiado!",
    "axiom.editorui.window.style_editor.custom_theme": "Tema Customizado",
    "axiom.tutorial.continue": "Continuar",
    "axiom.editorui.window.style_editor.disabled_text": "Desativar Texto",
    "axiom.editorui.window.style_editor.docking_empty_background": "Encaixe do Fundo Vazio",
    "axiom.editorui.window.style_editor.docking_preview": "Visualização de Encaixe",
    "axiom.editorui.window.style_editor.drag_drop_target": "Alvo Soltar Arrastar",
    "axiom.editorui.window.style_editor.export_to_clipboard": "Exportar para a área de transferência",
    "axiom.editorui.window.style_editor.import_from_clipboard": "Importar da Área de Transferência",
    "axiom.buildertool.clone.finish": "Finalizar",
    "axiom.editorui.window.style_editor.frame_category": "Quadro",
    "axiom.editorui.window.style_editor.frame_background": "Quadro de fundo",
    "axiom.editorui.window.style_editor.frame_background_active": "Quadro de fundo (Ativo)",
    "axiom.editorui.window.style_editor.frame_background_hovered": "Quadro de fundo (Por cima de)",
    "axiom.editorui.window.style_editor.frame_borders": "Bordas do Quadro",
    "axiom.editorui.styles.imgui_dark": "ImGui Escura",
    "axiom.editorui.window.style_editor.frame_rounding": "Arredondamento de Quadro",
    "axiom.editorui.window.style_editor.header": "Cabeçalho",
    "axiom.editorui.window.style_editor.header_active": "Cabeçalho (Ativo)",
    "axiom.editorui.window.style_editor.header_hovered": "Cabeçalho (Por cima de)",
    "axiom.editorui.styles.imgui_light": "ImGui Clara",
    "axiom.editorui.window.keybinds.load_default": "Carregar Padrão...",
    "axiom.editorui.window.style_editor.menu_bar_background": "Fundo da Barra do Menu",
    "axiom.editorui.window.style_editor.other_category": "Outro",
    "axiom.editorui.window.style_editor.popup_background": "Plano de fundo pop-up",
    "axiom.editorui.window.style_editor.popup_borders": "Bordas pop-up",
    "axiom.editorui.window.style_editor.popup_rounding": "Arredondamento pop-up",
    "axiom.editorui.window.style_editor.reset": "Resetar",
    "axiom.editorui.window.style_editor.resize_grip": "Redimensionar alça",
    "axiom.editorui.window.style_editor.resize_grip_active": "Redimensionar alça (Ativo)",
    "axiom.editorui.window.style_editor.resize_grip_hovered": "Redimensionar alça (Por cima de)",
    "axiom.editorui.window.style_editor.revert": "Reverter",
    "axiom.editorui.window.style_editor.rounding_category": "Arredondamento",
    "axiom.editorui.window.style_editor.scrollbar_category": "Barra de rolagem",
    "axiom.editorui.window.style_editor.scrollbar_background": "Fundo da barra de rolagem",
    "axiom.editorui.window.style_editor.scrollbar_grab": "Agarrar barra de rolagem",
    "axiom.editorui.window.style_editor.scrollbar_grab_active": "Agarrar barra de rolagem (Ativo)",
    "axiom.editorui.window.style_editor.scrollbar_grab_hovered": "Agarrar barra de rolagem (Por cima de)",
    "axiom.editorui.window.style_editor.scrollbar_rounding": "Arredondamento da barra de rolagem",
    "axiom.editorui.window.style_editor.separator": "Separador",
    "axiom.editorui.window.style_editor.separator_active": "Separador (Ativo)",
    "axiom.editorui.window.style_editor.separator_hovered": "Separador (Por cima de)",
    "axiom.editorui.window.style_editor.sizes": "Tamanhos",
    "axiom.editorui.window.style_editor.slider_grab": "Barra de rolagem",
    "axiom.editorui.window.style_editor.slider_grab_active": "Barra de rolagem (Ativa)",
    "axiom.editorui.window.style_editor.slider_grab_rounding": "Barra de rolagem arredondada",
    "axiom.editorui.mainmenu.help.style_editor": "Editor de Estilos...",
    "axiom.editorui.window.style_editor": "Editor de Estilos",
    "axiom.editorui.window.style_editor.tab": "Aba",
    "axiom.editorui.window.style_editor.tab_active": "Aba (Ativa)",
    "axiom.editorui.window.style_editor.tab_hovered": "Aba (Por cima de)",
    "axiom.editorui.window.style_editor.tab_borders": "Bordas da Aba",
    "axiom.editorui.window.style_editor.tab_rounding": "Arredondamento da Aba",
    "axiom.editorui.window.style_editor.table_border_light": "Borda da Tabela (Fina)",
    "axiom.editorui.window.style_editor.table_border_strong": "Borda da Tabela (Grossa)",
    "axiom.editorui.window.style_editor.text": "Texto",
    "axiom.editorui.window.style_editor.text_category": "Texto",
    "axiom.editorui.window.style_editor.theme_name": "Nome do Tema",
    "axiom.editorui.window.style_editor.theme_parameters": "Parâmetros do Tema",
    "axiom.tutorial.selection1": "Isso é uma seleção.\nAs seleções permitem que você aplique ferramentas e operações a partes específicas do mundo.\nPara limpar uma seleção, pressione Enter",
    "axiom.tutorial.box_select_tool1": "Esta é a ferramenta de Seleção em Caixa.\nEla seleciona blocos entre dois pontos",
    "axiom.tutorial.clentaminator_tool": "Este é o Naturalizador.\nEle permite você pintar com predefinições de terreno e decorações.\nÚtil se você precisar rapidamente estilizar uma área",
    "axiom.tutorial.magic_select_tool": "Essa é a ferramenta de Seleção Mágica.\nEla seleciona blocos adjacentes do mesmo tipo",
    "axiom.editorui.window.style_editor.title_background": "Plano de fundo do título",
    "axiom.tutorial.sculpt_draw_tool": "Esta é a ferramenta Esculpir.\nEla permite esculpir o terreno, puxando blocos com base na superfície normal",
    "axiom.tutorial.slope_tool1": "Esta é a ferramenta Declive.\nPermite inclinar o terreno entre dois pontos",
    "axiom.editorui.window.style_editor.title_background_active": "Plano de fundo do título (Ativo)",
    "axiom.editorui.window.style_editor.title_background_collapsed": "Plano de fundo do título (Contraído)",
    "axiom.tutorial.box_select_tool2": "Para começar a usar a ferramenta, clique em um ponto, arraste o mouse para outro ponto e então solte.\nDepois, você pode ajustar com os Gizmos.\nPara confirmar a seleção, pressione Enter",
    "axiom.tutorial.slope_tool2": "Para usar a ferramenta, clique uma vez para definir a posição de destino. Em seguida, mova o mouse para uma posição diferente e clique+arraste para desenhar uma inclinação entre os dois pontos",
    "axiom.editorui.window.style_editor.unfocused_tab": "Aba desfocada",
    "axiom.editorui.window.style_editor.unfocused_tab_active": "Aba desfocada (Ativa)",
    "axiom.editorui.window.style_editor.widget_category": "Ferramenta",
    "axiom.editorui.window.style_editor.window_category": "Janela",
    "axiom.editorui.window.style_editor.window_background": "Plano de fundo da janela",
    "axiom.editorui.window.style_editor.window_borders": "Bordas da janela",
    "axiom.editorui.window.style_editor.window_rounding": "Arredondamento da janela",
    "axiom.toasts.disabled": "'%s' foi desabilitado",
    "axiom.toasts.enabled": "'%s' foi habilitado",
    "axiom.tool.gradient_painter.gradient_interpolation_bezier": "Bézier",
    "axiom.buildertool.scroll_extend": "Clique para Extender",
    "axiom.tool.clentaminator.crop_type": "Tipo de Plantação",
    "axiom.buildertool.erase.delete": "Deletar",
    "axiom.editorui.window.tool_masks.mode_dest": "Apenas Destino",
    "axiom.tool.clentaminator.crops": "Plantações",
    "axiom.editorui.mainmenu.help.discord_server": "Servidor do Discord...",
    "axiom.editorui.mainmenu.help.documentation": "Documentação...",
    "axiom.buildertool.erase": "Apagar",
    "axiom.editorui.window.palette.custom_empty": "Vazio",
    "axiom.buildertool.erase.erase_box": "Apagar em Caixa",
    "axiom.buildertool.erase.erase_connected": "Apagar Conectados",
    "axiom.tool.clentaminator.farmland": "Terra arada",
    "axiom.capability.fast_place.title": "Colocar Rapidamente",
    "axiom.contextmenu.flight_momentum": "Momentum do Voo: %s%%",
    "axiom.tool.floodfill": "Preenchimento",
    "axiom.history_description.floodfilled": "%s blocos preencheram o espaço",
    "axiom.tool.clentaminator.fully_grown": "Totalmente Crescido",
    "axiom.tool.gradient_painter.gradient": "Gradiente",
    "axiom.tool.gradient_painter": "Pincel de Gradiente",
    "axiom.tool.clentaminator.grass_block": "Grama",
    "axiom.contextmenu.infinite_reach_limit": "Limite do Alcance Infinito: %s blocos",
    "axiom.contextmenu.infinite_reach_limit_none": "Limite do Alcance Infinito: ∞",
    "axiom.tool.gradient_painter.gradient_interpolation": "Interpolação",
    "axiom.tool.gradient_painter.gradient_interpolation_linear": "Linear",
    "axiom.contextmenu.liquid_opacity": "Opacidade dos Líquidos: %s%%",
    "axiom.contextmenu.min_brightness": "Brilho Mínimo: %s%%",
    "axiom.editorui.window.tool_masks.mode": "Modo",
    "axiom.history_description.modified": "%s blocos modificados",
    "axiom.tool.clentaminator.moist_farmland": "Úmido",
    "axiom.tool.gradient_painter.gradient_interpolation_nearest": "Mais próximo",
    "axiom.capability.fast_place.description": "Coloque blocos rapidamente e de maneira controlada",
    "axiom.tool.gradient_painter.gradient_shape_plane": "Plano",
    "axiom.tool.gradient_painter.gradient_shape": "Forma",
    "axiom.editorui.window.tool_masks.mode_source": "Fonte Apenas",
    "axiom.editorui.window.tool_masks.mode_source_and_dest": "Fonte e Destino",
    "axiom.tool.gradient_painter.gradient_shape_sphere": "Esfera",
    "axiom.tool.noise_painter.splatter_noise": "Espirro",
    "axiom.tool.clentaminator.tall_grass_block": "Grama alta",
    "axiom.keybind.toggle_fast_place_cap": "Alterar Colocar Rapidamente",
    "axiom.keybind.toggle_infinite_reach_cap": "Alterar Alcance Infinito",
    "axiom.contextmenu.type_replace": "Substituir por Tipo",
    "axiom.editorui.window.palette.unknown_custom_block": "Bloco Customizado Desconhecido"
}
