{
    "axiom.editorui.window.active_block": "Активный блок",
    "axiom.editorui.window.blueprint_browser.add_folder": "Добавить папку",
    "axiom.editorui.window.analyze": "Анализ",
    "axiom.editorui.window.blueprint_browser.sort_by.ascending": "По возрастанию",
    "axiom.editorui.window.blueprint_browser.automatically_refresh": "Обновлять автоматически",
    "axiom.editorui.window.fill.all": "Всё",
    "axiom.editorui.window.create_blueprint.angle": "Угол",
    "axiom.editorui.window.create_blueprint.author": "Автор",
    "axiom.editorui.window.palette.add_new_block": "Добавить новый блок",
    "axiom.editorui.window.palette.add_new_category": "Добавить новую категорию",
    "axiom.editorui.window.palette.after": "После %s",
    "axiom.editorui.window.tool_masks.mask_all": "И",
    "axiom.editorui.window.tool_masks.mask_angle": "Угол",
    "axiom.editorui.window.palette.are_you_sure_delete": "Вы уверены, что хотите удалить '%s'?",
    "axiom.keybind": "Axiom",
    "axiom.keybind_capabilities": "Axiom (Возможности)",
    "axiom.keymod.alt": "Alt",
    "axiom.tool.magic_select.compare_any": "Чему-угодно",
    "axiom.tool.roughen.mode_add": "Добавлять",
    "axiom.tool.ruler.add_point": "Добавить точку",
    "axiom.widget.add_blueprint_tag": "Добавить тег",
    "axiom.widget.any_block_property": "Любой",
    "gamerule.axiomDoTrampleFarmland": "(Axiom) Затаптывание грядок",
    "gamerule.axiomPlayerInvulnerability": "(Axiom) Неуязвимость игрока",
    "axiom.tool.shatter.axis_3d": "3D",
    "gamerule.axiomDoBlockDrops": "(Axiom) Выпадение блоков",
    "gamerule.axiomDoBlockGravity": "(Axiom) Гравитация блоков",
    "axiom.editorui.window.clipboard.copy_hint": "%s чтобы скопировать структуру",
    "axiom.editorui.window.active_block.edit_properties_below": "*Изменить свойства",
    "axiom.tool.rock.smoothing_stddev.description": "0 = без сглаживания\n2 = нормальное (~4 блока) сглаживание\n5 = очень сильное (~10 блоков) сглаживание",
    "axiom.tool.noise_painter.3d_mode": "3D Режим",
    "axiom.editorui.window.tool_masks.mask_above": "Выше",
    "axiom.tool.selection.add": "Добавление",
    "axiom.editorui.window.palette.add_block_to": "Добавить блок в %s",
    "axiom.editorui.window.create_shape.advanced": "Дополнительно",
    "axiom.tool.generic.advanced_options": "Дополнительные опции",
    "axiom.tool.clentaminator.allow_tall_grass": "Разрешить высокую траву",
    "axiom.editorui.window.analyze.do_analyze": "Анализировать",
    "axiom.editorui.mainmenu.operations.analyze": "Анализ...",
    "axiom.editorui.window.tool_masks.mask_any": "Или",
    "axiom.keybinds.arcball_camera": "Орбитальная камера",
    "axiom.tool.rock.preview_disabled": "Автоматическое отключение для радиуса > %s",
    "axiom.tool.shatter.axis": "Ось",
    "axiom.tutorial.history": "Axiom отслеживает изменения блоков, чтобы вы могли отменять и повторять, в этом окне отображаются эти изменения. (Совет: щелчок левой кнопкой мышки перематывает историю, щелчок правой кнопкой мышки показывает на изменения)",
    "axiom.history_description.biome_painted": "Биом изменён для %s блоков",
    "axiom.widget.error_biome_registry": "Данные о биоме не существуют!",
    "axiom.tool.magic_select.compare_block": "Блоку",
    "axiom.tool.ruler.bounding_size": "Прямоугольный размер = %s, %s, %s",
    "axiom.editorui.mainmenu.select.bounding_box": "Ограничить прямоугольником",
    "axiom.editorui.window.analyze.block_type": "Блок",
    "axiom.editorui.window.blueprint_browser.sort_by.block_count": "Количеству блоков",
    "axiom.editorui.window.blueprint_browser": "Просмотр чертежей",
    "axiom.editorui.window.create_blueprint.bp_filter_description": "Файлы чертежей",
    "axiom.editorui.window.fill.bottom": "Низ",
    "axiom.editorui.window.palette.before": "До %s",
    "axiom.editorui.window.tool_masks.mask_below": "Ниже",
    "axiom.editorui.window.tool_masks.mask_block": "Блок",
    "axiom.editorui.window.world_properties.block_drops": "Выпадение блоков",
    "axiom.editorui.window.world_properties.block_gravity": "Гравитация блоков",
    "axiom.editorui.window.world_properties.blocks": "Блоки",
    "axiom.keybind_categories.basic": "Основные",
    "axiom.tool.biome_painter": "Кисть для биомов",
    "axiom.tool.box_select": "Прямоугольное выделение",
    "axiom.tool.noise_painter.block_mode_count": "Количество блоков",
    "axiom.tool.magic_select.compare_blockstate": "Состоянию блока",
    "axiom.tool.noise_painter.blocks": "Блоки",
    "axiom.tool.smooth.block_ratio": "Соотношение блоков",
    "axiom.capability.bulldozer.title": "Бульдозер",
    "axiom.capability.force_place.description": "Обход ограничений на размещение блоков",
    "axiom.buildertool.cancel": "Отменить",
    "axiom.editorui.window.palette.child_of": "Подкатегория %s",
    "axiom.editorui.window.clipboard.clear": "Очистить",
    "axiom.tool.clentaminator.clear": "Очистить",
    "axiom.tool.generic.brush": "Кисть",
    "axiom.widget.cancel": "Отменить",
    "axiom.editorui.mainmenu.select.clear": "Очистить",
    "axiom.editorui.mainmenu.toolmasks.clear": "Очистить",
    "axiom.editorui.window.analyze.clear_information": "Очистить",
    "axiom.history_description.cloned": "Скопировано %s блоков",
    "axiom.keymod.mac_cmd": "Cmd",
    "axiom.widget.confirm": "Подтвердить",
    "axiom.editorui.window.create_shape.copy_to_clipboard": "Скопировать в буфер обмена",
    "axiom.widget.create_blueprint_tag": "Создать тег",
    "axiom.history_description.cut": "Вырезано %s блоков",
    "axiom.tool.distort.distance_x": "Расстояние X",
    "axiom.tool.noise_painter.cumulative_distribution": "Совокупное распределение",
    "axiom.tool.noise_painter.gain": "Усиление",
    "axiom.tool.rock.noisiness.description": "Насколько сильно шум влияет на блоки\n0 = отсутствие шума, сферический\n1 = сильный шум, скопления",
    "axiom.tool.noise_painter.lacunarity": "Лакунарность",
    "axiom.tool.slope.mode_cone": "Конус",
    "axiom.tool.shape.cube": "Куб",
    "axiom.tool.sculpt_draw.denoise": "Сглаживание",
    "axiom.tool.smooth.fix_edges": "Закрепить края",
    "axiom.tool.ruler.information": "Информация",
    "axiom.tool.selection.intersect": "Пересечение",
    "axiom.tool.sculpt_draw.invert": "Инвертировать",
    "axiom.tool.ruler.maximum": "Максимум = %s, %s, %s",
    "axiom.widget.delete": "Удалить",
    "axiom.widget.error": "Ошибка",
    "axiom.widget.false_block_property": "Нет",
    "axiom.widget.from_block": "С",
    "axiom.history_description.drew": "Нарисовано %s блоков",
    "axiom.editorui.window.palette.invalid_name_duplicate": "Повторяющееся имя: %s уже существует",
    "axiom.keybind_categories.edit": "Редактирование",
    "axiom.tool.slope.tutorial1": "Нажмите один раз, чтобы установить целевую позицию",
    "axiom.capability.airplane.title": "Улучшенный полет",
    "axiom.editorui.window.expand_selection.expand_selection_by": "Расширить выделение на",
    "axiom.editorui.window.blueprint_browser.close": "Закрыть",
    "axiom.editorui.window.blueprint_browser.confirm": "Подтвердить",
    "axiom.editorui.window.blueprint_browser.delete": "Удалить",
    "axiom.editorui.window.blueprint_browser.overflow_files_message": "Обнаружено большое количество изменений в файле",
    "axiom.editorui.window.blueprint_browser.file_missing_message2": "Вы переместили / удалили его через %s?",
    "axiom.editorui.window.blueprint_browser.disable_auto_refresh": "Отключить авто-обновление",
    "axiom.editorui.window.blueprint_browser.edit_blueprint": "Редактировать чертеж",
    "axiom.editorui.window.blueprint_browser.file_missing_message1": "Файл '%s' больше не существует!",
    "axiom.editorui.window.blueprint_browser.file_browser_osx": "Finder",
    "axiom.editorui.window.create_shape.cone": "Конус",
    "axiom.editorui.window.create_shape.copied": "Скопировано!",
    "axiom.editorui.window.clipboard": "Буфер обмена",
    "axiom.editorui.window.create_blueprint": "Создать чертеж",
    "axiom.editorui.window.create_shape": "Создать фигуру",
    "axiom.editorui.window.create_shape.cuboid": "Кубоид",
    "axiom.editorui.window.create_shape.cylinder": "Цилиндр",
    "axiom.editorui.window.distort_selection.distance": "Расстояние",
    "axiom.editorui.window.distort_selection.do_distort": "Исказить",
    "axiom.editorui.window.distort_selection": "Исказить выделение",
    "axiom.editorui.window.clipboard.empty": "Пусто",
    "axiom.editorui.window.expand_selection.do_expand": "Расширить",
    "axiom.editorui.window.expand_selection": "Расширить выделение",
    "axiom.editorui.window.history": "История",
    "axiom.editorui.window.fill.inside": "Внутри",
    "axiom.editorui.window.palette.custom": "Пользовательские",
    "axiom.editorui.window.palette.delete": "Удалить %s",
    "axiom.editorui.window.target_info.distance": "Расстояние: %s",
    "axiom.editorui.window.tool_masks.mask_inselection": "Внутри выделения",
    "axiom.editorui.window.palette.invalid_name_contains_hash": "Недопустимое имя: не должно содержать '#'",
    "axiom.editorui.window.keybinds": "Привязка клавиш",
    "axiom.editorui.window.tool_masks.logic": "Логика",
    "axiom.editorui.window.mask_selection": "Выделение по маске",
    "axiom.editorui.window.world_properties.day": "День",
    "axiom.editorui.window.world_properties.freeze_time": "Остановить время",
    "axiom.editorui.window.tool_masks.masks": "Маски",
    "axiom.keybind.context": "Контекстное меню",
    "axiom.history_description.deleted": "Удалено %s блоков",
    "axiom.history_description.deselected": "Выделение снято с %s блоков",
    "axiom.history_description.deselected_all": "Выделение снято со всех блоков",
    "axiom.history_description.distorted": "Искажено %s блоков",
    "axiom.history_description.elevation_tool": "Высотный инструмент (%s блоков)",
    "axiom.history_description.expanded": "Расширенно %s блоков",
    "axiom.history_description.melted": "Расплавлено %s блоков",
    "axiom.keybinds.copy": "Копировать",
    "axiom.keymod.ctrl": "Ctrl",
    "axiom.keybinds.cut": "Вырезать",
    "axiom.tool.biome_painter.fill_vertically": "Заполнять вертикально",
    "axiom.keybinds.quick_fill.fill_with": "Заполнить...",
    "axiom.tool.clentaminator.decorations": "Декорации",
    "axiom.tool.distort.distance": "Расстояние",
    "axiom.tool.distort.distance_y": "Расстояние Y",
    "axiom.tool.distort.distance_z": "Расстояние Z",
    "axiom.tool.distort": "Искажение",
    "axiom.tool.distort.distortion": "Исказить",
    "axiom.tool.clentaminator.grass": "Трава",
    "axiom.tool.clentaminator.grassiness": "Травянистость",
    "axiom.tool.clentaminator.gravel_ground": "Гравийное покрытие",
    "axiom.tool.distort.iterations": "Итерации",
    "axiom.tool.melt": "Плавление",
    "axiom.tool.smooth.mode_melt": "Плавление",
    "axiom.tool.heightmap.height": "Высота",
    "axiom.tool.generic.limit": "Ограничение",
    "axiom.tool.magic_select.compare_mode": "Сравнивать по",
    "axiom.tool.elevation": "Высотный инструмент",
    "axiom.tool.generic.live_preview": "Предварительный просмотр",
    "axiom.tool.magic_select": "Волшебная палочка",
    "axiom.tool.generic.mask_surface": "Маска по поверхности",
    "axiom.buildertool.clone": "Копирование",
    "axiom.editorui.mainmenu.create.cone": "Конус...",
    "axiom.buildertool.confirm": "Подтвердить",
    "axiom.editorui.mainmenu.edit.copy": "Копировать",
    "axiom.editorui.mainmenu.create": "Создать",
    "axiom.editorui.crosshair": "Перекрестие",
    "axiom.editorui.mainmenu.create.cuboid": "Кубоид...",
    "axiom.editorui.mainmenu.edit.cut": "Вырезать",
    "axiom.editorui.mainmenu.create.cylinder": "Цилиндр...",
    "axiom.editorui.mainmenu.operations.drain": "Осушить",
    "axiom.editorui.mainmenu.edit": "Редактировать",
    "axiom.editorui.mainmenu.operations.fill_bottom": "Заполнить дно...",
    "axiom.editorui.mainmenu.operations.fill": "Заполнить...",
    "axiom.buildertool.first_point": "Первая точка",
    "axiom.editorui.mainmenu.help": "Помощь",
    "axiom.editorui.hold_for_more_options": "Удерживайте %s чтобы увидеть больше опций",
    "axiom.editorui.mainmenu.help.keybinds": "Привязка клавиш...",
    "axiom.editorui.left_mouse_short": "ЛКМ",
    "axiom.editorui.mainmenu.select.distort": "Исказить...",
    "axiom.editorui.mainmenu.toolmasks.edit": "Редактировать",
    "axiom.editorui.mainmenu.select.expand": "Расширить...",
    "axiom.editorui.mainmenu.operations.fill_outline": "Заполнить контур...",
    "axiom.editorui.mainmenu.operations.fill_top": "Заполнить сверху...",
    "axiom.editorui.mainmenu.operations.fill_walls": "Заполнить стены...",
    "axiom.editorui.mainmenu.operations.fill_walls_description": "Заполнить горизонтальные края выделения блоком",
    "axiom.editorui.mainmenu.operations.fill_description": "Заполните выделенный фрагмент блоком",
    "axiom.editorui.mainmenu.operations.gravity": "Гравитация",
    "axiom.editorui.mainmenu.view.liquid_opacity": "Непрозрачность жидкости",
    "axiom.editorui.view.main_name": "Основной",
    "axiom.editorui.mainmenu.select.mask": "Маска...",
    "axiom.editorui.window.analyze.block_count": "Количество",
    "axiom.tool.extrude.displace": "Смещение",
    "axiom.tool.extrude.mode.expand": "Поднять",
    "axiom.tool.flatten.locked_at": "Заблокировано на: %s",
    "axiom.tool.elevation.lower": "Опустить",
    "axiom.tool.flatten": "Выравнивание",
    "axiom.tool.freehand_draw": "Рисование от руки",
    "axiom.tool.freehand_select": "Выделение рисованием",
    "axiom.tool.flatten.lock_y": "Фиксировать Y",
    "axiom.tool.clentaminator.fertile_ocean_floor": "Плодородное дно океана",
    "axiom.editorui.window.blueprint_browser.move_file_already_exists": "Файл '%s' уже существует в каталоге",
    "axiom.editorui.mainmenu.operations.fill_category": "Заполнить",
    "axiom.editorui.window.fill": "Заполнить",
    "axiom.editorui.mainmenu.operations.fill_nearest": "Заполнить ближайшее",
    "axiom.editorui.window.set_biome.fill_vertically": "Заполнять вертикально",
    "axiom.editorui.mainmenu.operations.fill_outline_description": "Заполнить все края выделения блоком",
    "axiom.editorui.mainmenu.operations.fill_bottom_description": "Заполнить нижние края выделения блоком",
    "axiom.editorui.mainmenu.operations.fill_top_description": "Заполнить верхние края выделения блоком",
    "axiom.history_description.flatten_tool": "Инструмент выравнивания (%s блоков)",
    "axiom.tool.smooth.mode_grow": "Наращивание",
    "axiom.tutorial.tool_options": "Здесь вы можете найти настройки для выбранного вами инструмента.",
    "axiom.capability.bulldozer.description": "Удерживайте %s, чтобы быстро ломать блоки",
    "axiom.editorui.window.create_shape.hollow": "Полый",
    "axiom.tool.rock.meld_strength.description": "Влияет на то, как сильно инструмент сливается с поверхностью\nЭта настройка зависит от 'Стандартное отклонение сглаживания'",
    "axiom.editorui.window.palette.invalid_name_blank": "Недопустимое имя: не должно быть пустым",
    "axiom.keybind_options.invert_camera_rotate": "Инвертировать поворот камеры",
    "axiom.editorui.window.mask_selection.mask": "Маска",
    "axiom.tool.sculpt_draw.mask_y": "Маска по оси Y",
    "axiom.tool.noise_painter.white_noise": "White",
    "axiom.tool.noise_painter.voronoi_edges": "Voronoi Edges",
    "axiom.tool.noise_painter.worley_noise": "Worley",
    "axiom.tool.shatter.axis_z": "Z",
    "axiom.tool.ruler.yaw": "Наклон = %s",
    "axiom.tool.shatter.axis_y": "Y",
    "axiom.tool.shatter.axis_x": "X",
    "axiom.tool.shatter.width": "Ширина",
    "axiom.tool.weld": "Сварка",
    "axiom.editorui.spectators_generate_chunks_warning": "Предупреждение: Игровое правило spectatorsGenerateChunks имеет значение false, что приведет к серьезным проблемам с интерфейсом редактора. Пожалуйста, установите для этого правила значение true",
    "axiom.editorui.window.create_shape.width": "Ширина",
    "axiom.editorui.window.fill.walls": "Стены",
    "axiom.editorui.window.tool_masks.mask_y": "Y",
    "axiom.editorui.window.world_properties": "Свойства мира",
    "axiom.history_description.welded": "Сварено %s блоков",
    "axiom.keymod.win_super": "Win",
    "axiom.tool.biome_painter.visualize_biomes": "Показать биомы",
    "axiom.keybind_categories.view": "Вид",
    "axiom.capability.tinker.description": "Различные полезные действия при нажатии правой кнопки мышки с пустой рукой",
    "axiom.editorui.mainmenu.window.windows": "Окна",
    "axiom.editorui.mainmenu.window": "Окно",
    "axiom.editorui.mainmenu.operations.waterlog": "Заполнить водой",
    "axiom.editorui.mainmenu.view": "Вид",
    "axiom.tool.ruler.total_length_euclidean": "Общее расстояние (Евклидово) = %s",
    "axiom.editorui.window.blueprint_browser.unnamed_blueprint": "Безымянный",
    "axiom.editorui.window.fill.top": "Верх",
    "axiom.editorui.window.keybinds.unbind": "Отвязать",
    "axiom.editorui.window.tool_masks": "Маски инструментов",
    "axiom.editorui.window.tools": "Инструменты",
    "axiom.editorui.window.tool_options": "Параметры инструмента",
    "axiom.editorui.window.world_properties.unavailable": "Недоступно",
    "axiom.editorui.window.world_properties.trample_farmland": "Затаптывание грядок",
    "axiom.keybind_options.use_vanilla_movement": "Использовать ванильное передвижение",
    "axiom.keybinds.use_tool": "Использовать инструмент",
    "axiom.keybinds.undo": "Отменить",
    "axiom.editorui.mainmenu.edit.undo_named": "Отменить %s",
    "axiom.editorui.mainmenu.edit.undo": "Отменить",
    "axiom.editorui.mainmenu.toolmasks": "Маски инструментов",
    "axiom.editorui.window.block_distribution_total": "Всего",
    "axiom.tool.flatten.unlock_y": "Разблокировать Y",
    "axiom.tool.ruler.total_length_manhattan": "Общее расстояние (Манхэттенское) = %s",
    "axiom.tool.shatter.use_active_block": "Использовать активный блок",
    "axiom.widget.use_blueprint_tag": "Использовать тег",
    "axiom.widget.true_block_property": "Да",
    "axiom.tool.noise_painter.metaball_noise": "Metaball",
    "axiom.editorui.window.blueprint_browser.move_file": "Переместить",
    "axiom.editorui.window.blueprint_browser.sort_by.name": "Имени",
    "axiom.editorui.window.create_blueprint.name": "Название",
    "axiom.editorui.window.world_properties.midnight": "Полночь",
    "axiom.editorui.window.world_properties.mob_spawning": "Спавн мобов",
    "axiom.history_description.moved": "Перемещено %s блоков",
    "axiom.keybinds.move_backward": "Движение назад",
    "axiom.keybinds.move_down": "Движение вниз",
    "axiom.keybinds.move_forward": "Движение вперед",
    "axiom.keybinds.move_left": "Движение влево",
    "axiom.keybinds.move_quick": "Быстрое движение (Бег)",
    "axiom.keybinds.move_right": "Движение вправо",
    "axiom.keybinds.move_up": "Движение вверх",
    "axiom.keybind_categories.movement": "Движение",
    "axiom.capability.airplane.description": "Более точный полет - движение в направлении камеры без инерции",
    "axiom.buildertool.move": "Перемещение",
    "axiom.editorui.mainmenu.view.min_brightness": "Минимальная яркость",
    "axiom.tool.elevation.raise_lower_mode": "Режим",
    "axiom.tool.extrude.mode": "Режим",
    "axiom.tool.extrude.displace_expand_description": "Перемещает поверхности толщиной в 1 блок вместо их клонирования",
    "axiom.tool.extrude.displace_shrink_description": "Перемещает поверхности толщиной в 1 блок вместо их удаления",
    "axiom.tool.roughen.min_faces": "Минимум граней",
    "axiom.tool.ruler.minimum": "Минимум = %s, %s, %s",
    "axiom.tool.ruler.no_information": "Н/Д",
    "axiom.tool.selection.mode": "Режим",
    "axiom.tool.slope.mode": "Режим",
    "axiom.tool.smooth.modifiers": "Модификаторы",
    "axiom.tool.rock.noise_field_seed": "Сид шума",
    "axiom.editorui.window.blueprint_browser.new_folder": "Новая папка",
    "axiom.editorui.window.blueprint_browser.new_folder_i": "Новая папка (%s)",
    "axiom.editorui.window.blueprint_browser.file_missing": "Такого файла нет!",
    "axiom.editorui.window.tool_masks.mask_near": "Около",
    "axiom.editorui.window.tool_masks.mask_neighbor": "По соседству",
    "axiom.editorui.window.history.no_history": "Нет истории",
    "axiom.editorui.window.target_info.no_target": "Нет цели",
    "axiom.editorui.window.world_properties.night": "Ночь",
    "axiom.editorui.window.tool_options.no_active_tool": "Нет активного инструмента",
    "axiom.tool.generic.noise": "Шум",
    "axiom.capability.no_updates.title": "Без обновлений",
    "axiom.editorui.view.create_new": "Новый вид",
    "axiom.editorui.view.new_view_name": "Новый вид",
    "axiom.editorui.window.smooth_selection.threshold": "Порог",
    "axiom.editorui.window.palette.this_will_delete_children": "Также будут удалены все %s подкатегории",
    "axiom.editorui.window.palette.cannot_be_undone": "Эту операцию НЕЛЬЗЯ отменить",
    "axiom.keybind.toggle_enhanced_flight_cap": "Переключить улучшенный полёт",
    "axiom.keybind.toggle_editor_ui": "Интерфейс редактора",
    "axiom.keybind.toggle_bulldozer_cap": "Режим бульдозера",
    "axiom.editorui.window.world_properties.time": "Время",
    "axiom.keybind.toggle_tinker_cap": "Тинкер",
    "axiom.keybind.toggle_replace_mode_cap": "Режим замены",
    "axiom.keybind.toggle_no_updates_cap": "Режим без обновлений",
    "axiom.keybind.toggle_force_place_cap": "Режим принудительной установки",
    "axiom.tool.noise_painter.block_mode_threshold": "Порог",
    "axiom.capability.tinker.title": "Тинкер",
    "axiom.tool.weld.threshold": "Порог",
    "axiom.widget.to_block": "На",
    "axiom.tutorial.tools_window": "Это окно инструментов. Здесь можно выбрать инструменты для рисования, терраформирования, выделения и т.д.",
    "axiom.tutorial.main_window": "Это основной экран.\n%s для поворота камеры\n%s для использования инструмента\n%s для использования орбитальной камеры\nИспользуйте колёсико мышки, чтобы быстро двигаться вперёд и назад",
    "axiom.tool.noise_painter": "Кисть с шумом",
    "axiom.editorui.window.distort_selection.noise_radius": "Радиус шума",
    "axiom.tool.noise_painter.noise_preview": "Просмотр шума",
    "axiom.tool.noise_painter.octaves": "Октавы",
    "axiom.tool.painter": "Кисть",
    "axiom.tool.noise_painter.probability_density": "Плотность вероятности",
    "axiom.tool.noise_painter.metaball_range": "Диапазон",
    "axiom.tool.rock": "Кисть для камней",
    "axiom.tool.noise_painter.scale": "Масштаб",
    "axiom.editorui.window.blueprint_browser.file_browser_other": "ваш файловый браузер",
    "axiom.editorui.window.blueprint_browser.overflow_files": "Переполнен!",
    "axiom.editorui.window.blueprint_browser.move_file_overwrite": "Переписать",
    "axiom.editorui.window.blueprint_browser.reload": "Перезагрузить",
    "axiom.editorui.window.blueprint_browser.rename_file": "Переименовать файл",
    "axiom.editorui.window.create_shape.separate_xyz": "Отдельные XYZ",
    "axiom.editorui.window.create_shape.separate_xz": "Отдельные XZ",
    "axiom.editorui.window.create_shape.shape": "Фигура",
    "axiom.editorui.window.clipboard.placement_options.rotate": "Вращать...",
    "axiom.editorui.window.fill.outline": "Контур",
    "axiom.editorui.window.clipboard.placement_options.paste_air": "Вставлять воздух",
    "axiom.editorui.window.create_shape.do_place": "Разместить",
    "axiom.editorui.window.clipboard.placement_options": "Варианты размещения",
    "axiom.editorui.window.create_shape.pyramid": "Пирамида",
    "axiom.editorui.window.create_shape.radius": "Радиус",
    "axiom.editorui.window.create_blueprint.save": "Сохранить",
    "axiom.editorui.window.create_blueprint.save_blueprint": "Сохранить чертеж",
    "axiom.editorui.window.set_biome": "Установить биом",
    "axiom.editorui.window.set_biome.do_set_biome": "Установить биом",
    "axiom.editorui.window.tool_masks.mask_not": "Не",
    "axiom.editorui.window.target_info.position": "Координаты: %s, %s, %s",
    "axiom.editorui.window.palette.recently_used": "Недавно использованные",
    "axiom.editorui.window.palette.remove_block": "Удалить блок",
    "axiom.editorui.window.palette.rename": "Переименовать %s",
    "axiom.editorui.window.replace": "Заменить",
    "axiom.editorui.window.replace.do_replace": "Заменить",
    "axiom.editorui.window.world_properties.noon": "Полдень",
    "axiom.editorui.window.world_properties.player": "Игрок",
    "axiom.editorui.window.world_properties.player_invulnerability": "Неуязвимость игрока",
    "axiom.history_description.sculpt_draw_tool": "Инструмент скульптинга (%s блоков)",
    "axiom.history_description.selected_additional": "Выделено +%s блоков",
    "axiom.editorui.window.world_properties.unavailable_description": "Сервер не поддерживает редактирование каких-либо свойств мира",
    "axiom.history_description.set_n_blocks_to": "Установлено %s блоков на %s",
    "axiom.keybind.orbit_camera": "Орбитальная камера",
    "axiom.history_description.painted": "Закрашено %s блоков",
    "axiom.history_description.placed_blueprint": "Размещен %s",
    "axiom.history_description.placed": "Размещено %s блоков",
    "axiom.history_description.rock_tool": "Кисть для камней (%s Блоков)",
    "axiom.history_description.roughen_tool": "Инструмент шероховатости (%s блоков)",
    "axiom.key.scroll_down": "Прокрутить вниз",
    "axiom.key.scroll_left": "Прокрутить влево",
    "axiom.key.scroll_right": "Прокрутить вправо",
    "axiom.key.scroll_up": "Прокрутить вверх",
    "axiom.keybind_categories.operations": "Операции",
    "axiom.keybinds.pan_camera": "Панорамная камера",
    "axiom.keybinds.paste": "Вставить",
    "axiom.keybinds.pick_block": "Выбор блока",
    "axiom.keybind_categories.placement": "Размещение",
    "axiom.tool.box_select.position": "Координаты",
    "axiom.keybinds.quick_fill": "Быстрое заполнение",
    "axiom.keybinds.quick_replace": "Быстрая замена",
    "axiom.keybinds.redo": "Повторить",
    "axiom.keybinds.quick_replace.replace_from": "Заменить (с)",
    "axiom.keybinds.quick_replace.replace_to": "Заменить (на)",
    "axiom.keybinds.rotate_camera": "Поворот камеры",
    "axiom.keybinds.rotate_placement": "Поворот размещения",
    "axiom.keybinds.save_blueprint": "Сохранить чертеж",
    "axiom.tool.distort.separate_axis": "Разделить по осям",
    "axiom.tool.clentaminator.sand": "Песок",
    "axiom.tool.distort.scale": "Масштаб",
    "axiom.tool.generic.reset_to_default": "Сброс к значениям по умолчанию",
    "axiom.tool.generic.noise_seed": "Сид",
    "axiom.tool.generic.brush_shape": "Фигура",
    "axiom.tool.generic.brush_radius": "Радиус",
    "axiom.tool.generic.noise_seed_do_randomize": "Случайный сид",
    "axiom.tool.magic_select.range": "Дальность",
    "axiom.buildertool.clone.scroll": "Прокрутите, чтобы копировать",
    "axiom.buildertool.smear.scroll": "Прокрутите, чтобы протянуть",
    "axiom.buildertool.stack.scroll": "Прокрутите, чтобы стакнуть",
    "axiom.buildertool.second_point": "Вторая точка",
    "axiom.editorui.mainmenu.operations": "Операции",
    "axiom.capability.no_updates.description": "Отменяет обновление соседних блоков при установке/ломании",
    "axiom.editorui.mainmenu.create.pyramid": "Пирамиду...",
    "axiom.editorui.mainmenu.edit.redo": "Повторить",
    "axiom.editorui.mainmenu.edit.redo_named": "Повторить %s",
    "axiom.capability.replace_mode.title": "Режим замены",
    "axiom.capability.replace_mode.description": "Щелкните ПКМ по блокам, чтобы заменить их блоком в руке",
    "axiom.editorui.mainmenu.edit.save_blueprint": "Сохранить чертеж",
    "axiom.buildertool.move.scroll": "Прокрутите, чтобы переместить",
    "axiom.editorui.no_keybind": "Ничего",
    "axiom.editorui.right_mouse_short": "ПКМ",
    "axiom.editorui.mainmenu.operations.fill_nearest_description": "Заменить блоки воздуха ближайшими к ним блоками не воздуха",
    "axiom.editorui.mainmenu.select": "Выделение",
    "axiom.editorui.mainmenu.operations.set_biome": "Установить биом...",
    "axiom.editorui.mainmenu.operations.replace": "Заменить...",
    "axiom.editorui.window.palette": "Палитра",
    "axiom.history_description.selected": "Выделено %s блоков",
    "axiom.tool.elevation.raise": "Поднять",
    "axiom.tool.flatten.right_click_to_lock": "ПКМ, чтобы заблокировать",
    "axiom.tool.rock.noise_radius": "Радиус шума",
    "axiom.tool.rock.noisiness": "Шумность",
    "axiom.tool.rock.noise_field_seed.hint": "Случайный",
    "axiom.tool.sculpt_draw": "Инструмент скульптинга",
    "axiom.tool.selection": "Выделение",
    "axiom.tool.ruler.point_i": "Точка %s",
    "axiom.tool.ruler.points": "Точки",
    "axiom.tool.roughen.ratio": "Соотношение",
    "axiom.tool.roughen.mode_remove": "Удалять",
    "axiom.tool.ruler.remove_point_i": "Удалить точку %s",
    "axiom.tool.roughen": "Шероховатость",
    "axiom.tool.shape.octahedron": "Октаэдр",
    "axiom.tool.slope.mode_plane": "Плоскость",
    "axiom.widget.block_properties": "Свойства",
    "axiom.tool.shatter.scale": "Масштаб",
    "axiom.widget.search_block": "Поиск",
    "axiom.widget.select_block": "Выбрать блок",
    "axiom.widget.ok": "ОК",
    "axiom.widget.remove_blueprint_tag": "Удалить",
    "axiom.widget.rename": "Переименовать",
    "axiom.tool.selection.replace": "Замена",
    "axiom.tool.noise_painter.simplex_noise": "Simplex",
    "axiom.editorui.window.blueprint_browser.sort_by.descending": "По убыванию",
    "axiom.editorui.window.blueprint_browser.sort_by": "Сортировать по",
    "axiom.editorui.window.create_shape.sphere": "Сфера",
    "axiom.editorui.window.shrink_selection": "Сжать выделение",
    "axiom.editorui.window.shrink_selection.do_shrink": "Сжать",
    "axiom.editorui.window.keybinds.conflicts_with": "Привязку уже используют:",
    "axiom.editorui.window.target_info.targeted_block": "Целевой блок: %s",
    "axiom.editorui.window.target_info.targeted_biome": "Целевой биом: %s",
    "axiom.editorui.window.target_info": "Информация о цели",
    "axiom.editorui.window.smooth_selection.stddev": "Стандартное отклонение",
    "axiom.editorui.window.smooth_selection": "Сгладить выделение",
    "axiom.editorui.window.smooth_selection.do_smooth": "Сгладить",
    "axiom.history_description.shatter": "Дробление %s блоков",
    "axiom.keybind.builder_tool_slot": "Слот инструментов",
    "axiom.history_description.text_tool": "Инструмент текст (%s блоков)",
    "axiom.history_description.stacked": "Стакнуто %s блоков",
    "axiom.history_description.smoothed": "Сглажено %s блоков",
    "axiom.history_description.smeared": "Протянуто %s блоков",
    "axiom.history_description.slope_tool": "Инструмент уклона (%s блоков)",
    "axiom.history_description.shrunk": "Сжато на %s блоков",
    "axiom.tool.box_select.shrink": "Сжать",
    "axiom.keybinds.show_selection": "Показать выделение",
    "axiom.keybinds.show_biomes": "Показать биомы",
    "axiom.keymod.shift": "Shift",
    "axiom.keymod.super": "Super",
    "axiom.tool.box_select.size": "Размер",
    "axiom.tool.box_select.shrink_description": "Сжимает выделение, чтобы уместить все блоки, кроме воздуха",
    "axiom.tool.distort.smooth_edges": "Сглаживать края",
    "axiom.tool.clentaminator.terrain": "Ландшафт",
    "axiom.tool.clentaminator": "Растенизатор",
    "axiom.tool.clentaminator.stone": "Камень",
    "axiom.tool.generic.smoothing_options": "Сглаживание",
    "axiom.tool.heightmap.sharpness": "Резкость",
    "axiom.tool.generic.surface_only": "Только поверхность",
    "axiom.tool.magic_select.compare_solid": "Твёрдым",
    "axiom.buildertool.stack": "Стак",
    "axiom.editorui.mainmenu.create.sphere": "Сферу...",
    "axiom.buildertool.smear": "Протягивание",
    "axiom.editorui.mainmenu.view.show_selection": "Показать выделение",
    "axiom.editorui.mainmenu.view.show_key_presses": "Показать нажатия клавиш",
    "axiom.editorui.mainmenu.view.show_biomes": "Показать биомы",
    "axiom.editorui.mainmenu.select.smooth": "Сгладить...",
    "axiom.editorui.mainmenu.operations.simulation_category": "Симуляция",
    "axiom.editorui.mainmenu.select.shrink": "Сжать...",
    "axiom.tool.extrude.mode.shrink": "Опустить",
    "axiom.tool.sculpt_draw.strength": "Сила",
    "axiom.tool.rock.smoothing_stddev": "Стандартное отклонение сглаживания",
    "axiom.tool.selection.subtract": "Вычитание",
    "axiom.tool.shatter": "Дробление",
    "axiom.tool.text.text_input": "Текст",
    "axiom.tool.text": "Текст",
    "axiom.widget.blueprint_tags": "Теги",
    "axiom.widget.block_tags": "Теги",
    "axiom.tool.weld.strength": "Сила",
    "axiom.tool.smooth.strength": "Сила",
    "axiom.tool.smooth.mode_stable": "Обычный",
    "axiom.tool.shape.sphere": "Сфера",
    "axiom.tutorial.active_block": "Некоторым инструментам необходим блок для рисования или установки. Здесь вы можете поменять активный блок, нажав на иконку",
    "axiom.tool.smooth": "Сглаживание",
    "axiom.tool.slope": "Уклон",
    "axiom.tool.text.text_size": "Размер",
    "axiom.tool.noise_painter.jitter": "Колебания",
    "axiom.editorui.window.clipboard.placement_options.keep_existing": "Не заменять блоки",
    "axiom.editorui.window.world_properties.fire_tick": "Распространение огня",
    "axiom.history_description.extrude_tool": "Инструмент выдавливания (%s блоков)",
    "axiom.keybinds.flip_placement": "Отзеркалить размещение",
    "axiom.tool.clentaminator.dirt_ground": "Земляное покрытие",
    "axiom.capability.force_place.title": "Принудительная установка",
    "axiom.editorui.middle_mouse_short": "СКМ",
    "axiom.editorui.window.analyze.block_distribution": "Распределение",
    "axiom.tool.extrude": "Выдавливание",
    "axiom.tool.slope.tutorial2": "Потяните в другое место, чтобы нарисовать уклон",
    "axiom.tool.rock.meld_strength": "Сила объединения",
    "axiom.editorui.window.create_shape.pitch": "Поворот",
    "axiom.editorui.window.world_properties.random_tick_speed": "Частота случайных тактов",
    "axiom.editorui.multiple_keybinds": "Несколько",
    "axiom.editorui.pin_location": "Закрепить положение",
    "axiom.editorui.pin_world": "Закрепить мир",
    "axiom.tool.ruler.pitch": "Поворот = %s",
    "axiom.editorui.window.blueprint_browser.file_browser_win": "Проводник",
    "axiom.editorui.window.create_shape.roll": "Вращение",
    "axiom.editorui.window.create_shape.yaw": "Наклон",
    "axiom.tool.ruler": "Линейка",
    "axiom.editorui.window.clipboard.n_blocks": "%s блоков",
    "axiom.editorui.mainmenu.help.debug_info": "Отладочная информация",
    "axiom.editorui.window.debug_info": "Отладочная информация",
    "axiom.history_description.drained_n": "Осушено %s блоков жидкости",
    "axiom.editorui.window.fill.do_fill": "Заполнить",
    "axiom.editorui.window.create_shape.height": "Высота",
    "axiom.editorui.mainmenu.help.reset_tutorial": "Повторить обучение",
    "axiom.editorui.window.shrink_selection.shrink_selection_by": "Сжать выделение на",
    "axiom.history_description.waterlogged_n": "Водой заполнено %s блоков",
    "axiom.editorui.mainmenu.view.ui_scale": "Размер интерфейса",
    "axiom.keybinds.crosshair_camera": "Перекрестие",
    "axiom.history_description.fill_nearest": "Заполнено %s ближайших блоков",
    "axiom.capability.infinite_reach.description": "Убирает ограничение дальности взаимодействия с блоками",
    "axiom.capability.infinite_reach.title": "Бесконечная дальность",
    "axiom.tutorial.selection2": "%s чтобы заполнить выделение блоками.\n%s чтобы заменить блоки.\n%s/%s/Delete чтобы копировать/вырезать/удалить",
    "axiom.editorui.window.keybinds.load_axiom_defaults": "Стандартные для Axiom",
    "axiom.editorui.window.keybinds.load_blender_defaults": "Похожие на Blender",
    "axiom.editorui.window.style_editor.base_style": "Основной стиль",
    "axiom.editorui.window.style_editor.border_color": "Границы",
    "axiom.editorui.window.style_editor.borders_category": "Границы",
    "axiom.editorui.window.style_editor.button": "Кнопка",
    "axiom.editorui.window.style_editor.button_active": "Кнопка (активна)",
    "axiom.editorui.window.style_editor.button_hovered": "Кнопка (подсвечена)",
    "axiom.editorui.window.style_editor.checkmark": "Галочка",
    "axiom.editorui.window.style_editor.child_borders": "Границы дочерних элементов",
    "axiom.editorui.window.style_editor.child_rounding": "Скругление дочерних элементов",
    "axiom.editorui.window.style_editor.color": "Цвет",
    "axiom.tutorial.continue": "Продолжить",
    "axiom.editorui.window.style_editor.copied": "Скопировано!",
    "axiom.editorui.window.style_editor.custom_theme": "Пользовательская тема",
    "axiom.editorui.window.style_editor.disabled_text": "Неактивный текст",
    "axiom.editorui.window.style_editor.docking_empty_background": "Пустой фон при закреплении",
    "axiom.editorui.window.style_editor.docking_preview": "Предпросмотр закрепления",
    "axiom.editorui.window.style_editor.drag_drop_target": "Целевой объект перетаскивания",
    "axiom.editorui.window.style_editor.export_to_clipboard": "Скопировать в буфер обмена",
    "axiom.buildertool.clone.finish": "Закончить",
    "axiom.editorui.window.style_editor.frame_category": "Элемент",
    "axiom.editorui.window.style_editor.frame_background": "Фон элемента",
    "axiom.editorui.window.style_editor.frame_background_active": "Фон элемента (активный)",
    "axiom.editorui.window.style_editor.frame_background_hovered": "Фон элемента (подсвечен)",
    "axiom.editorui.window.style_editor.frame_borders": "Границы элементов",
    "axiom.editorui.window.style_editor.frame_rounding": "Скругление элементов",
    "axiom.editorui.window.style_editor.header": "Заголовок",
    "axiom.editorui.window.style_editor.header_active": "Заголовок (активный)",
    "axiom.editorui.styles.imgui_dark": "ImGui Тёмная",
    "axiom.editorui.styles.imgui_light": "ImGui Светлая",
    "axiom.editorui.window.style_editor.header_hovered": "Заголовок (подсвечен)",
    "axiom.editorui.window.style_editor.import_from_clipboard": "Загрузить из буфера обмена",
    "axiom.editorui.window.keybinds.load_default": "Загрузить стандартные...",
    "axiom.editorui.window.style_editor.menu_bar_background": "Фон строк меню",
    "axiom.editorui.window.style_editor.other_category": "Другое",
    "axiom.editorui.window.style_editor.popup_background": "Фон выпадающих меню",
    "axiom.editorui.window.style_editor.popup_borders": "Границы выпадающих меню",
    "axiom.editorui.window.style_editor.popup_rounding": "Скругление выпадающих меню",
    "axiom.editorui.window.style_editor.reset": "Сбросить",
    "axiom.editorui.window.style_editor.resize_grip": "Элемент изменения размера",
    "axiom.editorui.window.style_editor.resize_grip_active": "Элемент изменения размера (активный)",
    "axiom.editorui.window.style_editor.resize_grip_hovered": "Элемент изменения размера (подсвечен)",
    "axiom.editorui.window.style_editor.revert": "Сбросить",
    "axiom.editorui.window.style_editor.rounding_category": "Скругление",
    "axiom.editorui.window.style_editor.scrollbar_category": "Полоса прокрутки",
    "axiom.editorui.window.style_editor.scrollbar_background": "Фон полосы прокрутки",
    "axiom.editorui.window.style_editor.scrollbar_grab": "Полоса прокрутки",
    "axiom.editorui.window.style_editor.scrollbar_grab_active": "Полоса прокрутки (активная)",
    "axiom.editorui.window.style_editor.scrollbar_grab_hovered": "Полоса прокрутки (подсвечена)",
    "axiom.editorui.window.style_editor.scrollbar_rounding": "Скругление полосы прокрутки",
    "axiom.editorui.window.style_editor.separator": "Разделитель",
    "axiom.editorui.window.style_editor.separator_active": "Разделитель (активный)",
    "axiom.editorui.window.style_editor.separator_hovered": "Разделитель (подсвечен)",
    "axiom.editorui.window.style_editor.sizes": "Размеры",
    "axiom.editorui.window.style_editor.slider_grab": "Слайдер",
    "axiom.editorui.window.style_editor.slider_grab_active": "Слайдер (активный)",
    "axiom.editorui.mainmenu.help.style_editor": "Редактор стилей...",
    "axiom.editorui.window.style_editor": "Редактор стилей",
    "axiom.editorui.window.style_editor.slider_grab_rounding": "Скругление слайдера",
    "axiom.editorui.window.style_editor.tab": "Вкладка",
    "axiom.editorui.window.style_editor.tab_active": "Вкладка (активная)",
    "axiom.editorui.window.style_editor.tab_hovered": "Вкладка (подсвечена)",
    "axiom.editorui.window.style_editor.tab_borders": "Границы вкладки",
    "axiom.editorui.window.style_editor.tab_rounding": "Скругление вкладки",
    "axiom.editorui.window.style_editor.table_border_light": "Границы таблицы (внутренние)",
    "axiom.editorui.window.style_editor.table_border_strong": "Границы таблицы (внешние)",
    "axiom.editorui.window.style_editor.text": "Текст",
    "axiom.editorui.window.style_editor.text_category": "Текст",
    "axiom.editorui.window.style_editor.theme_name": "Название темы",
    "axiom.editorui.window.style_editor.theme_parameters": "Параметры темы",
    "axiom.tutorial.selection1": "Это выделение.\nОно позволяет ограничивать использование инструментов и операций.\nВсе изменения в мире будут происходить в рамках выделений.\nНажмите Enter, чтобы отменить выделение",
    "axiom.tutorial.box_select_tool1": "Это инструмент прямоугольного выделения\nОн позволяет выделить блоки между двумя точками",
    "axiom.tutorial.clentaminator_tool": "Это растенизатор.\nОн позволяет рисовать различными ландшафтами и декорациями.\nПолезен, когда нужно быстро стилизовать область",
    "axiom.tutorial.magic_select_tool": "Это волшебная палочка.\nОна выделяет соседние блоки одного типа",
    "axiom.tutorial.sculpt_draw_tool": "Это инструмент скульптинга.\nОн позволяет менять рельеф, вытягивая блоки по нормали относительно поверхности",
    "axiom.tutorial.slope_tool1": "Это инструмент уклона.\nОн позволяет создавать уклоны между двумя точками",
    "axiom.editorui.window.style_editor.title_background": "Фон заголовка",
    "axiom.editorui.window.style_editor.title_background_active": "Фон заголовка (активный)",
    "axiom.editorui.window.style_editor.title_background_collapsed": "Фон заголовка (свёрнутый)",
    "axiom.tutorial.box_select_tool2": "Чтобы начать работу с инструментом, щелкните в одной точке, перетащите мышку в другую точку и отпустите.\nПосле этого можно настроить выделение, если нажать на углы или центр.\nНажмите Enter, чтобы подтвердить выделение",
    "axiom.tutorial.slope_tool2": "Чтобы воспользоваться инструментом, щелкните один раз, чтобы установить начальную позицию. Затем перетащите мышку в другое место и зажмите кнопку, чтобы рисовать уклон между двумя точками",
    "axiom.editorui.window.style_editor.unfocused_tab": "Вкладка вне фокуса",
    "axiom.editorui.window.style_editor.unfocused_tab_active": "Вкладка вне фокуса (активная)",
    "axiom.editorui.window.style_editor.widget_category": "Виджет",
    "axiom.editorui.window.style_editor.window_category": "Окно",
    "axiom.editorui.window.style_editor.window_background": "Фон окна",
    "axiom.editorui.window.style_editor.window_borders": "Рамки окна",
    "axiom.editorui.window.style_editor.window_rounding": "Скругление окна",
    "axiom.buildertool.scroll_extend": "Нажмите, чтобы расширить",
    "axiom.toasts.disabled": "Инструмент '%s' выключен",
    "axiom.toasts.enabled": "Инструмент '%s' включен",
    "axiom.tool.gradient_painter.gradient_interpolation_bezier": "Безье",
    "axiom.tool.clentaminator.crop_type": "Тип ростков",
    "axiom.tool.clentaminator.crops": "Ростки",
    "axiom.buildertool.erase.delete": "Удалить",
    "axiom.editorui.window.tool_masks.mode_dest": "Только цель",
    "axiom.editorui.window.tool_masks.mode": "Режим",
    "axiom.editorui.window.tool_masks.mode_source": "Только источник",
    "axiom.editorui.window.tool_masks.mode_source_and_dest": "Источник и цель",
    "axiom.editorui.mainmenu.help.discord_server": "Дискорд сервер...",
    "axiom.editorui.mainmenu.help.documentation": "Документация...",
    "axiom.editorui.window.palette.custom_empty": "Пусто",
    "axiom.buildertool.erase": "Удаление",
    "axiom.buildertool.erase.erase_box": "Выделить и удалить",
    "axiom.buildertool.erase.erase_connected": "Удалить по ближайшим",
    "axiom.tool.clentaminator.farmland": "Пашня",
    "axiom.capability.fast_place.title": "Быстрая установка",
    "axiom.contextmenu.flight_momentum": "Инерция полёта: %s%%",
    "axiom.tool.floodfill": "Заливка",
    "axiom.history_description.floodfilled": "Залито %s блоков",
    "axiom.tool.clentaminator.fully_grown": "Полностью выросшие",
    "axiom.tool.gradient_painter.gradient": "Градиент",
    "axiom.tool.gradient_painter": "Градиент",
    "axiom.tool.clentaminator.grass_block": "Трава",
    "axiom.tool.clentaminator.tall_grass_block": "Высокая трава",
    "axiom.tool.clentaminator.moist_farmland": "Влажная",
    "axiom.contextmenu.infinite_reach_limit": "Предел дальности: %s blocks",
    "axiom.contextmenu.infinite_reach_limit_none": "Предел дальности: ∞",
    "axiom.tool.gradient_painter.gradient_interpolation": "Интерполяция",
    "axiom.tool.gradient_painter.gradient_interpolation_linear": "Линейная",
    "axiom.contextmenu.liquid_opacity": "Непрозрачность жидкости: %s%%",
    "axiom.contextmenu.min_brightness": "Минимальная яркость: %s%%",
    "axiom.history_description.modified": "Изменено %s блоков",
    "axiom.tool.gradient_painter.gradient_interpolation_nearest": "Ближайшие",
    "axiom.capability.fast_place.description": "Позволяет очень быстро ставить блоки",
    "axiom.tool.gradient_painter.gradient_shape_plane": "Плоскость",
    "axiom.tool.gradient_painter.gradient_shape": "Форма",
    "axiom.tool.gradient_painter.gradient_shape_sphere": "Сфера",
    "axiom.tool.noise_painter.splatter_noise": "Splatter",
    "axiom.keybind.toggle_fast_place_cap": "Режим быстрой установки",
    "axiom.keybind.toggle_infinite_reach_cap": "Режим бесконечной дальности",
    "axiom.contextmenu.type_replace": "Замена типом",
    "axiom.editorui.window.palette.unknown_custom_block": "Неизвестный пользовательский блок"
}
