{
    "axiom.editorui.window.active_block": "选择的方块",
    "axiom.editorui.window.blueprint_browser.add_folder": "添加文件夹",
    "axiom.editorui.window.analyze": "分析面板",
    "axiom.editorui.window.analyze.do_analyze": "开始分析",
    "axiom.editorui.window.create_shape.advanced": "高级",
    "axiom.editorui.window.create_blueprint.angle": "角度",
    "axiom.editorui.window.palette.add_new_block": "添加新方块",
    "axiom.editorui.window.palette.add_new_category": "添加新分类",
    "axiom.editorui.window.palette.after": "在 %s 之后",
    "axiom.editorui.window.fill.all": "全部",
    "axiom.editorui.window.tool_masks.mask_all": "全部",
    "axiom.editorui.window.tool_masks.mask_angle": "角度",
    "axiom.editorui.window.tool_masks.mask_any": "任意",
    "axiom.tool.clentaminator.allow_tall_grass": "允许高度为两个方块的草",
    "axiom.tool.magic_select.compare_any": "任意",
    "axiom.tool.shatter.axis_3d": "3D",
    "axiom.tool.roughen.mode_add": "增加模式",
    "axiom.tool.selection.add": "添加",
    "axiom.tool.ruler.add_point": "添加标记点",
    "gamerule.axiomDoTrampleFarmland": "(Axiom) 破坏耕地",
    "gamerule.axiomPlayerInvulnerability": "(Axiom) 玩家无敌",
    "axiom.widget.add_blueprint_tag": "添加标签",
    "axiom.widget.any_block_property": "任意",
    "axiom.editorui.window.clipboard.copy_hint": "按下 %s 将所选内容复制到剪贴板",
    "gamerule.axiomDoBlockDrops": "(Axiom) 方块掉落",
    "gamerule.axiomDoBlockGravity": "(Axiom) 方块重力",
    "axiom.editorui.window.active_block.edit_properties_below": "*编辑以下属性",
    "axiom.tool.rock.smoothing_stddev.description": "0 = 没有平滑\n2 = 普通平滑 (约4个方块)\n5 = 强平滑 (约10个方块)",
    "axiom.tool.noise_painter.3d_mode": "3D模式",
    "axiom.editorui.window.tool_masks.mask_above": "上方",
    "axiom.editorui.window.palette.add_block_to": "将方块添加到 %s",
    "axiom.tool.generic.advanced_options": "高级",
    "axiom.keymod.alt": "Alt",
    "axiom.editorui.mainmenu.operations.analyze": "分析面板",
    "axiom.editorui.window.blueprint_browser.sort_by.ascending": "升序",
    "axiom.tool.rock.preview_disabled": "半径大于 %s 自动禁用",
    "axiom.keybind": "Axiom",
    "axiom.keybind_capabilities": "Axiom (功能)",
    "axiom.editorui.window.blueprint_browser.automatically_refresh": "自动刷新",
    "axiom.editorui.window.create_blueprint.author": "作者",
    "axiom.editorui.window.palette.are_you_sure_delete": "你确定要删除 '%s' 吗？",
    "axiom.tutorial.history": "Axiom会追踪方块更新，以便撤消和重做，此窗口会显示方块更新。（提示：使用左键撤销到这个更新，右键查看这个更新）",
    "axiom.keybind_categories.basic": "基础",
    "axiom.editorui.window.tool_masks.mask_below": "下方",
    "axiom.widget.error_biome_registry": "生物群系注册表不存在！",
    "axiom.tool.noise_painter.block_mode_count": "方块数量",
    "axiom.editorui.mainmenu.select.bounding_box": "边界设置",
    "axiom.tool.generic.brush": "形状刷子",
    "axiom.capability.bulldozer.title": "推土机",
    "axiom.tool.magic_select.compare_blockstate": "方块状态",
    "axiom.tool.noise_painter.blocks": "方块",
    "axiom.tool.magic_select.compare_mode": "比较",
    "axiom.tool.ruler.bounding_size": "边界尺寸 = %s, %s, %s",
    "axiom.tool.shatter.axis": "轴",
    "axiom.tool.smooth.block_ratio": "方块比例",
    "axiom.widget.cancel": "取消",
    "axiom.tool.slope.tutorial1": "点击一次以设置目标位置",
    "axiom.capability.force_place.description": "绕过方块放置限制",
    "axiom.buildertool.cancel": "取消",
    "axiom.buildertool.clone": "克隆工具",
    "axiom.editorui.mainmenu.select.clear": "清除",
    "axiom.editorui.window.analyze.block_type": "方块",
    "axiom.editorui.window.blueprint_browser": "蓝图浏览器",
    "axiom.editorui.window.analyze.clear_information": "清除分析内容",
    "axiom.editorui.window.clipboard": "剪贴板",
    "axiom.editorui.window.blueprint_browser.sort_by.block_count": "方块数量",
    "axiom.editorui.window.create_blueprint.bp_filter_description": "蓝图文件",
    "axiom.editorui.window.clipboard.clear": "清除剪贴板",
    "axiom.editorui.window.blueprint_browser.close": "关闭",
    "axiom.editorui.window.palette.before": "在 %s 之前",
    "axiom.editorui.window.fill.bottom": "底部",
    "axiom.editorui.window.palette.child_of": "位于 %s 的子级",
    "axiom.editorui.window.tool_masks.mask_block": "方块",
    "axiom.editorui.window.world_properties.block_drops": "方块掉落",
    "axiom.editorui.window.world_properties.block_gravity": "方块重力",
    "axiom.editorui.window.world_properties.blocks": "方块",
    "axiom.history_description.biome_painted": "绘制了 %s 个生物群系方块",
    "axiom.keybind.builder_tool_slot": "建造工具槽位",
    "axiom.tool.biome_painter": "生物群系绘制工具",
    "axiom.tool.box_select": "框选工具",
    "axiom.tool.clentaminator": "环境改造枪",
    "axiom.tool.magic_select.compare_block": "方块",
    "axiom.editorui.mainmenu.toolmasks.clear": "清除遮罩",
    "axiom.tool.clentaminator.clear": "清除装饰物",
    "axiom.history_description.cloned": "克隆了 %s 个方块",
    "axiom.keymod.mac_cmd": "Command",
    "axiom.buildertool.confirm": "确认",
    "axiom.editorui.mainmenu.create.cone": "锥体...",
    "axiom.editorui.mainmenu.edit.copy": "复制",
    "axiom.editorui.window.analyze.block_count": "数量",
    "axiom.editorui.window.blueprint_browser.confirm": "确认",
    "axiom.editorui.window.create_shape.cone": "锥体",
    "axiom.editorui.window.create_shape.copied": "复制到剪贴板",
    "axiom.editorui.window.create_shape.copy_to_clipboard": "复制到剪贴板",
    "axiom.keybind.context": "上下文菜单",
    "axiom.keybinds.copy": "复制",
    "axiom.tool.slope.mode_cone": "锥体",
    "axiom.widget.confirm": "确认",
    "axiom.editorui.mainmenu.create": "创建",
    "axiom.keybinds.arcball_camera": "环绕视角模式",
    "axiom.editorui.window.create_blueprint": "创建蓝图",
    "axiom.keybind_options.invert_camera_rotate": "反转视角旋转的方向",
    "axiom.editorui.crosshair": "准心移动视角",
    "axiom.capability.airplane.description": "更精准的飞行 - 没有惯性地飞向视角方向",
    "axiom.capability.bulldozer.description": "按住 %s 可以快速破坏方块",
    "axiom.editorui.left_mouse_short": "左键",
    "axiom.editorui.mainmenu.create.cuboid": "长方体...",
    "axiom.editorui.mainmenu.edit.cut": "剪切",
    "axiom.editorui.mainmenu.create.cylinder": "圆柱...",
    "axiom.editorui.right_mouse_short": "右键",
    "axiom.editorui.middle_mouse_short": "中键",
    "axiom.tool.noise_painter.cumulative_distribution": "分布函数视图",
    "axiom.editorui.window.blueprint_browser.sort_by.descending": "降序",
    "axiom.editorui.window.create_shape": "创建形状面板",
    "axiom.editorui.window.blueprint_browser.delete": "删除",
    "axiom.editorui.window.create_shape.cuboid": "长方体",
    "axiom.editorui.window.palette.custom": "自定义",
    "axiom.editorui.window.create_shape.cylinder": "圆柱",
    "axiom.editorui.window.palette.delete": "删除 %s",
    "axiom.editorui.window.world_properties.day": "白天",
    "axiom.history_description.deleted": "删除了 %s 个方块",
    "axiom.history_description.deselected": "取消选择了 %s 个方块",
    "axiom.history_description.deselected_all": "取消选择了全部方块",
    "axiom.keybind.orbit_camera": "环绕视角模式",
    "axiom.history_description.cut": "剪切了 %s 个方块",
    "axiom.keybinds.rotate_camera": "旋转视角模式",
    "axiom.keybinds.pan_camera": "平移相机模式",
    "axiom.keymod.ctrl": "Ctrl",
    "axiom.keybinds.cut": "剪切",
    "axiom.tool.clentaminator.decorations": "环境物品",
    "axiom.tool.shape.cube": "立方体",
    "axiom.tool.sculpt_draw.denoise": "降噪工具",
    "axiom.widget.create_blueprint_tag": "创建标签",
    "axiom.widget.delete": "删除",
    "axiom.editorui.window.blueprint_browser.overflow_files_message": "检测到大量文件被更改",
    "axiom.editorui.window.blueprint_browser.file_missing_message2": "你通过 %s 移动/删除了它吗？",
    "axiom.editorui.window.blueprint_browser.disable_auto_refresh": "禁用自动刷新",
    "axiom.tool.clentaminator.dirt_ground": "泥土地面",
    "axiom.editorui.window.analyze.block_distribution": "分布率",
    "axiom.editorui.mainmenu.select.distort": "扭曲...",
    "axiom.tool.distort.distance_x": "X 轴距离",
    "axiom.editorui.window.distort_selection.distance": "距离",
    "axiom.editorui.window.distort_selection.do_distort": "执行扭曲",
    "axiom.editorui.window.distort_selection": "扭曲操作面板",
    "axiom.editorui.window.target_info.distance": "距离：%s 个方块",
    "axiom.history_description.distorted": "扭曲了 %s 个方块",
    "axiom.tool.distort.distortion": "变形",
    "axiom.tool.extrude.displace": "位移",
    "axiom.tool.distort.distance": "距离",
    "axiom.tool.distort.distance_y": "Y 轴距离",
    "axiom.tool.distort.distance_z": "Z 轴距离",
    "axiom.tool.distort": "扭曲工具",
    "axiom.tool.slope.tutorial2": "从其他地方拖拽来绘制坡度",
    "axiom.editorui.mainmenu.select.expand": "扩展选区...",
    "axiom.editorui.mainmenu.operations.fill_outline_description": "填充选区边缘",
    "axiom.tool.noise_painter.gain": "增益",
    "axiom.tutorial.tool_options": "在这里可以找到所选工具的设置",
    "axiom.tool.rock.meld_strength.description": "工具与地面融合的程度\n会受到“平滑离散程度”的影响",
    "axiom.widget.false_block_property": "否",
    "axiom.widget.from_block": "目标方块",
    "axiom.capability.airplane.title": "飞行增强",
    "axiom.buildertool.first_point": "第一选取点",
    "axiom.capability.force_place.title": "强制放置",
    "axiom.editorui.mainmenu.operations.drain": "清除液体",
    "axiom.editorui.mainmenu.edit": "编辑",
    "axiom.editorui.mainmenu.operations.fill_category": "填充",
    "axiom.editorui.mainmenu.operations.fill_bottom": "填充到底部...",
    "axiom.editorui.mainmenu.operations.fill_outline": "填充边框...",
    "axiom.editorui.mainmenu.operations.fill_nearest": "临近填充",
    "axiom.editorui.mainmenu.operations.fill_top": "填充到顶部...",
    "axiom.editorui.mainmenu.operations.fill_walls": "填充墙壁...",
    "axiom.editorui.mainmenu.operations.fill_bottom_description": "用方块填充选区的底部边缘",
    "axiom.editorui.mainmenu.operations.fill_walls_description": "用方块填充选区的水平边缘",
    "axiom.editorui.mainmenu.operations.fill_description": "用方块填充选区内容",
    "axiom.editorui.mainmenu.operations.fill_top_description": "用方块填充选区的顶部边缘",
    "axiom.editorui.mainmenu.operations.fill": "填充...",
    "axiom.editorui.mainmenu.operations.gravity": "重力",
    "axiom.editorui.mainmenu.help": "帮助",
    "axiom.editorui.hold_for_more_options": "按住 %s 可查看更多选项",
    "axiom.editorui.mainmenu.toolmasks.edit": "编辑",
    "axiom.editorui.window.blueprint_browser.edit_blueprint": "编辑蓝图",
    "axiom.editorui.window.clipboard.empty": "空空如也",
    "axiom.editorui.window.blueprint_browser.move_file_already_exists": "文件 '%s' 已经在这个目录里了",
    "axiom.editorui.window.blueprint_browser.file_missing_message1": "文件 '%s' 不存在！",
    "axiom.editorui.window.blueprint_browser.file_browser_osx": "访达",
    "axiom.editorui.window.expand_selection": "扩展选区面板",
    "axiom.editorui.window.expand_selection.expand_selection_by": "要扩展选区的大小",
    "axiom.editorui.window.expand_selection.do_expand": "确认扩展选区",
    "axiom.editorui.window.fill": "填充面板",
    "axiom.editorui.window.history": "历史记录",
    "axiom.editorui.window.create_shape.hollow": "空心",
    "axiom.editorui.window.fill.inside": "内部",
    "axiom.editorui.window.palette.invalid_name_blank": "无效无效：名称不能为空",
    "axiom.editorui.window.palette.invalid_name_contains_hash": "无效名称：不能包含“#”",
    "axiom.editorui.window.palette.invalid_name_duplicate": "存在重复的名称：%s",
    "axiom.editorui.window.set_biome.fill_vertically": "垂直填充",
    "axiom.editorui.window.world_properties.fire_tick": "火焰蔓延",
    "axiom.editorui.window.world_properties.freeze_time": "时间停滞",
    "axiom.editorui.window.tool_masks.mask_inselection": "在选区内",
    "axiom.history_description.drew": "排除了 %s 个方块",
    "axiom.history_description.elevation_tool": "海拔提升工具 (修改了 %s 个方块)",
    "axiom.history_description.expanded": "扩展了 %s 个方块",
    "axiom.history_description.extrude_tool": "拉伸工具 (修改了 %s 个方块)",
    "axiom.history_description.flatten_tool": "扁平化工具 (修改了 %s 个方块)",
    "axiom.keybind_categories.edit": "编辑",
    "axiom.tool.biome_painter.fill_vertically": "垂直填充",
    "axiom.keybinds.quick_fill.fill_with": "选择填充方块...",
    "axiom.keybinds.flip_placement": "翻转放置内容",
    "axiom.tool.elevation": "海拔工具",
    "axiom.tool.extrude.mode.expand": "扩展",
    "axiom.tool.extrude": "拉伸工具",
    "axiom.tool.clentaminator.fertile_ocean_floor": "丰富的海底",
    "axiom.tool.flatten": "扁平工具",
    "axiom.tool.freehand_select": "自由选取工具",
    "axiom.tool.freehand_draw": "自由绘制工具",
    "axiom.tool.clentaminator.grass": "草",
    "axiom.tool.clentaminator.grassiness": "草地密度",
    "axiom.tool.clentaminator.gravel_ground": "砾石地面",
    "axiom.tool.heightmap.height": "高度",
    "axiom.tool.rock.noisiness.description": "方块受噪声场影响的强度\n0 = 无噪声，球形\n1 = 强噪声，斑点",
    "axiom.tool.ruler.information": "信息",
    "axiom.tool.selection.intersect": "交叉",
    "axiom.widget.error": "错误",
    "axiom.tool.smooth.fix_edges": "修复方块边缘",
    "axiom.tool.smooth.mode_grow": "生长",
    "axiom.tool.noise_painter.jitter": "抖动",
    "axiom.tool.noise_painter.lacunarity": "分形间隙",
    "axiom.editorui.mainmenu.help.keybinds": "按键绑定",
    "axiom.editorui.mainmenu.view.liquid_opacity": "液体不透明度",
    "axiom.editorui.window.clipboard.placement_options.keep_existing": "保留已有内容",
    "axiom.editorui.window.keybinds": "按键绑定面板",
    "axiom.tool.distort.iterations": "迭代次数",
    "axiom.tool.generic.limit": "方块数量限制",
    "axiom.tool.sculpt_draw.invert": "反转",
    "axiom.tool.generic.live_preview": "实时预览模式",
    "axiom.tool.flatten.lock_y": "锁定 Y 轴",
    "axiom.tool.flatten.locked_at": "已将 Y 轴锁定在：%s",
    "axiom.editorui.mainmenu.select.mask": "创建蒙版...",
    "axiom.editorui.view.main_name": "主要视图",
    "axiom.editorui.window.mask_selection.mask": "建立蒙版",
    "axiom.editorui.window.mask_selection": "选择充当蒙版的方块",
    "axiom.editorui.window.tool_masks.logic": "逻辑操作",
    "axiom.editorui.window.tool_masks.masks": "蒙版",
    "axiom.tool.elevation.lower": "降低",
    "axiom.tool.generic.mask_surface": "仅蒙版表面",
    "axiom.tool.magic_select": "魔法选择工具",
    "axiom.tool.sculpt_draw.mask_y": "遮挡 Y 轴",
    "axiom.tool.ruler.maximum": "最大坐标 = %s, %s, %s",
    "axiom.tool.rock.meld_strength": "融合强度",
    "axiom.tool.melt": "融化工具",
    "axiom.tool.noise_painter.metaball_noise": "融球效果",
    "axiom.editorui.window.world_properties.midnight": "午夜",
    "axiom.history_description.melted": "融化了 %s 个方块",
    "axiom.tool.smooth.mode_melt": "融化的",
    "axiom.editorui.mainmenu.view.min_brightness": "最小亮度",
    "axiom.tool.roughen.min_faces": "最小面数",
    "axiom.editorui.window.world_properties.mob_spawning": "允许生物生成",
    "axiom.tool.ruler.minimum": "最小坐标 = %s, %s, %s",
    "axiom.tool.elevation.raise_lower_mode": "模式",
    "axiom.tool.extrude.mode": "模式",
    "axiom.tool.selection.mode": "模式",
    "axiom.tool.slope.mode": "模式",
    "axiom.buildertool.move": "移动工具",
    "axiom.editorui.window.blueprint_browser.move_file": "移动文件",
    "axiom.keybinds.move_backward": "向后移动",
    "axiom.keybinds.move_down": "向下移动（潜行）",
    "axiom.keybinds.move_forward": "向前移动",
    "axiom.keybinds.move_left": "向左移动",
    "axiom.keybinds.move_quick": "快速移动（疾跑）",
    "axiom.tool.smooth.modifiers": "修改器",
    "axiom.history_description.moved": "移动了 %s 个方块",
    "axiom.keybinds.move_right": "向右移动",
    "axiom.keybinds.move_up": "向上移动（跳跃/飞行）",
    "axiom.editorui.multiple_keybinds": "绑定多个",
    "axiom.keybind_categories.movement": "移动",
    "axiom.tool.extrude.displace_expand_description": "移动1个方块厚度的表面，但不进行克隆",
    "axiom.tool.extrude.displace_shrink_description": "移动1个方块厚度的表面，但不进行删除",
    "axiom.tool.ruler.no_information": "没有内容",
    "axiom.editorui.window.blueprint_browser.sort_by.name": "按名称排序",
    "axiom.editorui.window.create_blueprint.name": "蓝图名称",
    "axiom.editorui.window.blueprint_browser.new_folder": "新建文件夹",
    "axiom.editorui.window.tool_masks.mask_neighbor": "相邻的",
    "axiom.editorui.window.tool_masks.mask_near": "附近的",
    "axiom.capability.no_updates.title": "冻结更新",
    "axiom.editorui.view.create_new": "新建视图",
    "axiom.editorui.view.new_view_name": "新建视图",
    "axiom.editorui.window.blueprint_browser.new_folder_i": "新建文件夹 (%s)",
    "axiom.editorui.window.blueprint_browser.file_missing": "没有此类型的文件",
    "axiom.editorui.window.history.no_history": "没有历史记录",
    "axiom.editorui.window.tool_options.no_active_tool": "没有选择工具",
    "axiom.editorui.window.target_info.no_target": "没有目标方块",
    "axiom.editorui.window.world_properties.night": "夜晚",
    "axiom.tool.noise_painter.noise_preview": "噪声生成预览",
    "axiom.tool.noise_painter": "噪声绘制工具",
    "axiom.editorui.window.distort_selection.noise_radius": "噪声半径",
    "axiom.tool.generic.noise": "噪声设置",
    "axiom.tool.rock.noise_field_seed": "噪声场随机种子",
    "axiom.tool.rock.noisiness": "噪声生成强度",
    "axiom.tool.rock.noise_radius": "噪声生成半径",
    "axiom.editorui.no_keybind": "未设置",
    "axiom.editorui.window.world_properties.noon": "中午",
    "axiom.editorui.window.tool_masks.mask_not": "不为",
    "axiom.tool.painter": "绘制工具",
    "axiom.editorui.mainmenu.operations": "操作选项",
    "axiom.editorui.window.blueprint_browser.overflow_files": "操作失败，蓝图文件修改过多！",
    "axiom.editorui.window.blueprint_browser.move_file_overwrite": "覆盖蓝图文件",
    "axiom.widget.ok": "好的",
    "axiom.tool.shape.octahedron": "正八面体",
    "axiom.tool.noise_painter.octaves": "频率叠加层数",
    "axiom.keybind_categories.operations": "操作类",
    "axiom.editorui.window.fill.outline": "轮廓",
    "axiom.history_description.painted": "绘制了 %s 个方块",
    "axiom.editorui.pin_world": "固定世界",
    "axiom.editorui.window.clipboard.placement_options.paste_air": "粘贴空气",
    "axiom.editorui.window.palette": "调色板",
    "axiom.keybinds.paste": "粘贴",
    "axiom.keybinds.pick_block": "获得目标方块",
    "axiom.editorui.pin_location": "固定选项卡",
    "axiom.editorui.window.create_shape.yaw": "偏航角",
    "axiom.editorui.window.create_shape.pitch": "俯仰角",
    "axiom.tool.ruler.yaw": "偏航角角度 = %s",
    "axiom.tool.generic.brush_radius": "半径",
    "axiom.tool.rock.noise_field_seed.hint": "随机种子",
    "axiom.tool.noise_painter.probability_density": "概率密度视图",
    "axiom.editorui.window.create_shape.roll": "翻滚角",
    "axiom.editorui.window.create_shape.do_place": "放置",
    "axiom.editorui.window.create_shape.pyramid": "金字塔",
    "axiom.editorui.window.create_shape.radius": "半径",
    "axiom.editorui.window.world_properties.player_invulnerability": "玩家无敌",
    "axiom.editorui.window.target_info.position": "坐标: %s, %s, %s",
    "axiom.editorui.window.world_properties.random_tick_speed": "随机刻速度",
    "axiom.tool.box_select.position": "坐标",
    "axiom.keybinds.quick_fill": "快速填充",
    "axiom.keybinds.quick_replace": "快速替换",
    "axiom.tool.elevation.raise": "升高",
    "axiom.tool.generic.noise_seed_do_randomize": "生成随机种子",
    "axiom.tool.ruler.pitch": "俯仰角角度 = %s",
    "axiom.tool.ruler.point_i": "标记点 %s",
    "axiom.tool.ruler.points": "所有标记点",
    "axiom.history_description.placed_blueprint": "放置了 %s",
    "axiom.history_description.placed": "放置了 %s 个方块",
    "axiom.keybind_categories.placement": "放置类",
    "axiom.editorui.window.clipboard.placement_options": "放置选项",
    "axiom.tool.slope.mode_plane": "平面",
    "axiom.editorui.window.world_properties.player": "游戏规则",
    "axiom.capability.no_updates.description": "在放置/破坏方块时防止触发方块更新",
    "axiom.widget.block_properties": "方块属性",
    "axiom.editorui.mainmenu.create.pyramid": "金字塔...",
    "axiom.tool.magic_select.range": "范围",
    "axiom.tool.noise_painter.metaball_range": "范围",
    "axiom.editorui.mainmenu.edit.redo": "重做",
    "axiom.editorui.mainmenu.edit.redo_named": "重做了 %s 个方块",
    "axiom.editorui.window.blueprint_browser.reload": "重载",
    "axiom.keybinds.redo": "重做",
    "axiom.tool.roughen.ratio": "比例",
    "axiom.editorui.window.palette.recently_used": "最近使用的方块",
    "axiom.tool.roughen.mode_remove": "移除模式",
    "axiom.tool.ruler.remove_point_i": "移除标记点 %s",
    "axiom.widget.remove_blueprint_tag": "移除",
    "axiom.editorui.window.palette.remove_block": "移除方块",
    "axiom.editorui.window.palette.rename": "重命名为 %s",
    "axiom.widget.rename": "重命名",
    "axiom.editorui.window.blueprint_browser.rename_file": "重命名文件",
    "axiom.editorui.window.replace": "替换面板",
    "axiom.capability.replace_mode.title": "替换模式",
    "axiom.editorui.window.replace.do_replace": "执行替换",
    "axiom.keybinds.quick_replace.replace_from": "选择目标方块（将要被替换掉的方块）",
    "axiom.keybinds.quick_replace.replace_to": "选择替换方块（将要用来替换目标方块的方块）",
    "axiom.tool.selection.replace": "替换",
    "axiom.editorui.mainmenu.operations.fill_nearest_description": "将空方块替换为邻近的非空方块",
    "axiom.editorui.mainmenu.operations.replace": "替换...",
    "axiom.tool.generic.reset_to_default": "恢复默认值",
    "axiom.capability.replace_mode.description": "将右键方块替换为手持方块",
    "axiom.tool.flatten.right_click_to_lock": "右键单击按钮以锁定 Y 轴",
    "axiom.tool.rock": "岩石工具",
    "axiom.history_description.rock_tool": "岩石工具 (修改了 %s 个方块)",
    "axiom.editorui.mainmenu.edit.save_blueprint": "保存蓝图",
    "axiom.editorui.window.clipboard.placement_options.rotate": "旋转...",
    "axiom.editorui.window.create_blueprint.save": "保存",
    "axiom.editorui.window.create_blueprint.save_blueprint": "保存蓝图",
    "axiom.history_description.roughen_tool": "粗糙工具 (修改了 %s 个方块)",
    "axiom.keybinds.rotate_placement": "旋转放置内容",
    "axiom.tool.clentaminator.sand": "沙子",
    "axiom.tool.roughen": "粗糙工具",
    "axiom.tool.ruler": "标尺工具",
    "axiom.keybinds.save_blueprint": "保存蓝图",
    "axiom.tool.distort.scale": "缩放大小",
    "axiom.tool.noise_painter.scale": "缩放大小",
    "axiom.tool.shatter.scale": "缩放大小",
    "axiom.key.scroll_down": "向下滚动",
    "axiom.key.scroll_left": "向左滚动",
    "axiom.key.scroll_right": "向右滚动",
    "axiom.key.scroll_up": "向上滚动",
    "axiom.buildertool.move.scroll": "滚动以移动选区方块",
    "axiom.buildertool.clone.scroll": "滚动以克隆选区方块",
    "axiom.buildertool.smear.scroll": "滚动以延展选区方块",
    "axiom.buildertool.smear": "延展工具",
    "axiom.buildertool.stack.scroll": "滚动以堆叠选区",
    "axiom.history_description.smeared": "延展了 %s 个方块",
    "axiom.buildertool.second_point": "第二选取点",
    "axiom.editorui.mainmenu.select": "选择",
    "axiom.history_description.sculpt_draw_tool": "雕绘工具 (修改了 %s 个方块)",
    "axiom.tool.generic.noise_seed": "种子",
    "axiom.tool.sculpt_draw": "雕绘工具",
    "axiom.widget.search_block": "搜索",
    "axiom.history_description.selected": "选择了 %s 个方块",
    "axiom.widget.select_block": "选择方块",
    "axiom.history_description.selected_additional": "增选了 %s 个方块",
    "axiom.tool.selection": "选项",
    "axiom.tool.distort.separate_axis": "分离坐标轴",
    "axiom.editorui.window.create_shape.separate_xyz": "分离 X Y Z 轴",
    "axiom.editorui.window.create_shape.separate_xz": "分离 X Z 轴",
    "axiom.editorui.window.world_properties.unavailable_description": "服务器不支持编辑任何世界属性",
    "axiom.history_description.set_n_blocks_to": "将 %s 个方块设置为 %s",
    "axiom.editorui.window.set_biome": "设置生物群系",
    "axiom.editorui.mainmenu.operations.set_biome": "设置生物群系...",
    "axiom.editorui.window.create_shape.shape": "形状",
    "axiom.editorui.window.set_biome.do_set_biome": "设置生物群系",
    "axiom.tool.generic.brush_shape": "形状",
    "axiom.tool.heightmap.sharpness": "锐度",
    "axiom.history_description.shatter": "破碎了 %s 个方块",
    "axiom.tool.shatter": "破碎工具",
    "axiom.keymod.shift": "Shift",
    "axiom.keybinds.show_biomes": "显示生物群系",
    "axiom.editorui.mainmenu.view.show_biomes": "显示生物群系",
    "axiom.editorui.mainmenu.view.show_key_presses": "按键显示",
    "axiom.editorui.mainmenu.view.show_selection": "显示选区",
    "axiom.keybinds.show_selection": "显示选区",
    "axiom.editorui.window.shrink_selection.do_shrink": "执行收缩",
    "axiom.tool.box_select.shrink": "收缩",
    "axiom.tool.extrude.mode.shrink": "收缩",
    "axiom.editorui.mainmenu.select.shrink": "收缩...",
    "axiom.editorui.window.shrink_selection": "收缩选区面板",
    "axiom.history_description.shrunk": "收缩了 %s 个方块",
    "axiom.tool.box_select.shrink_description": "收缩选区以适应非空气方块",
    "axiom.tool.noise_painter.simplex_noise": "保持不变",
    "axiom.editorui.mainmenu.operations.simulation_category": "模拟",
    "axiom.tool.box_select.size": "尺寸",
    "axiom.tool.text.text_size": "尺寸",
    "axiom.history_description.slope_tool": "斜坡工具 (修改了 %s 个方块)",
    "axiom.tool.slope": "斜坡工具",
    "axiom.editorui.window.smooth_selection.do_smooth": "执行平滑",
    "axiom.tool.distort.smooth_edges": "平滑边缘",
    "axiom.tool.smooth": "平滑工具",
    "axiom.editorui.window.smooth_selection": "平滑选区面板",
    "axiom.editorui.mainmenu.select.smooth": "平滑...",
    "axiom.history_description.smoothed": "平滑了 %s 个方块",
    "axiom.tool.generic.smoothing_options": "平滑选项",
    "axiom.tool.rock.smoothing_stddev": "平滑离散程度",
    "axiom.tool.magic_select.compare_solid": "固体",
    "axiom.tutorial.active_block": "部分工具需要一个方块来进行绘制或放置。可以通过点击图标来切换方块。",
    "axiom.editorui.window.blueprint_browser.sort_by": "排序方式",
    "axiom.editorui.window.create_shape.sphere": "球体",
    "axiom.tool.shape.sphere": "球体",
    "axiom.editorui.mainmenu.create.sphere": "球体...",
    "axiom.tool.smooth.mode_stable": "保持的",
    "axiom.buildertool.stack": "堆叠工具",
    "axiom.history_description.stacked": "堆叠了 %s 个方块",
    "axiom.editorui.window.smooth_selection.stddev": "离散程度",
    "axiom.tool.clentaminator.terrain": "地形",
    "axiom.tool.clentaminator.stone": "石头",
    "axiom.tool.sculpt_draw.strength": "强度",
    "axiom.tool.smooth.strength": "强度",
    "axiom.tool.weld.strength": "强度",
    "axiom.tool.selection.subtract": "差集",
    "axiom.keymod.super": "Super",
    "axiom.tool.generic.surface_only": "仅表面",
    "axiom.editorui.window.target_info": "目标信息",
    "axiom.editorui.window.target_info.targeted_biome": "目标生物群系ID: %s",
    "axiom.editorui.window.target_info.targeted_block": "目标方块: %s",
    "axiom.widget.block_tags": "标签",
    "axiom.widget.blueprint_tags": "标签",
    "axiom.tool.text": "文字工具",
    "axiom.editorui.window.keybinds.conflicts_with": "此快捷键与 %s 冲突",
    "axiom.history_description.text_tool": "文字工具 (修改了 %s 个方块)",
    "axiom.tool.text.text_input": "文字",
    "axiom.tutorial.tools_window": "这是工具窗口。在这里可以选择绘制、塑形、进行选择等工具操作。",
    "axiom.editorui.window.palette.cannot_be_undone": "此操作无法撤消",
    "axiom.editorui.window.palette.this_will_delete_children": "这将同时删除 %s 的所有子元素",
    "axiom.tutorial.main_window": "这是主视口。\n按 %s 旋转相机。\n按 %s 使用工具。\n按 %s 使用滚动相机。\n滚动鼠标快速移动到/远离一个点。",
    "axiom.editorui.window.smooth_selection.threshold": "平滑临界值",
    "axiom.tool.noise_painter.block_mode_threshold": "限制",
    "axiom.editorui.window.world_properties.time": "时间设置",
    "axiom.tool.weld.threshold": "平滑临界值",
    "axiom.capability.tinker.title": "调整工具",
    "axiom.widget.to_block": "替换方块",
    "axiom.keybind.toggle_bulldozer_cap": "切换推土机",
    "axiom.keybind.toggle_editor_ui": "切换编辑器界面",
    "axiom.keybind.toggle_enhanced_flight_cap": "切换增强飞行",
    "axiom.keybind.toggle_force_place_cap": "切换强制放置",
    "axiom.keybind.toggle_no_updates_cap": "切换冻结更新",
    "axiom.keybind.toggle_replace_mode_cap": "切换替换模式",
    "axiom.keybind.toggle_tinker_cap": "切换调整工具",
    "axiom.editorui.mainmenu.toolmasks": "蒙版工具",
    "axiom.editorui.window.fill.top": "顶部",
    "axiom.editorui.window.tool_masks": "蒙版工具编辑面板",
    "axiom.editorui.window.tool_options": "工具选项",
    "axiom.editorui.window.tools": "工具面板",
    "axiom.editorui.window.block_distribution_total": "总计",
    "axiom.tool.ruler.total_length_euclidean": "总长度 (欧几里得距离) = %s",
    "axiom.tool.ruler.total_length_manhattan": "总长度 (曼哈顿距离) = %s",
    "axiom.editorui.window.world_properties.trample_farmland": "破坏耕地",
    "axiom.editorui.window.world_properties.unavailable": "不可用",
    "axiom.widget.true_block_property": "是",
    "axiom.editorui.window.keybinds.unbind": "取消绑定",
    "axiom.editorui.mainmenu.edit.undo": "撤销",
    "axiom.editorui.mainmenu.edit.undo_named": "撤销 %s",
    "axiom.keybinds.undo": "撤销",
    "axiom.tool.flatten.unlock_y": "解锁 Y 轴",
    "axiom.editorui.window.blueprint_browser.unnamed_blueprint": "未命名",
    "axiom.keybinds.use_tool": "使用工具",
    "axiom.keybind_options.use_vanilla_movement": "使用原版移动按键",
    "axiom.tool.shatter.use_active_block": "使用选择的方块",
    "axiom.widget.use_blueprint_tag": "使用标签",
    "axiom.capability.tinker.description": "使用右键时的各种有用的交互",
    "axiom.tool.noise_painter.voronoi_edges": "泰森多边形边缘",
    "axiom.editorui.mainmenu.view": "视图",
    "axiom.editorui.window.fill.walls": "墙",
    "axiom.keybind_categories.view": "视图",
    "axiom.tool.biome_painter.visualize_biomes": "生物群系可视化",
    "axiom.editorui.spectators_generate_chunks_warning": "警告：检测到游戏规则 spectatorsGenerateChunks 值为 false，这将导致编辑器 UI 出现重大问题。 请将该游戏规则设置为 true",
    "axiom.editorui.mainmenu.operations.waterlog": "含水方块",
    "axiom.tool.weld": "焊接工具",
    "axiom.history_description.welded": "焊接了 %s 个方块",
    "axiom.tool.noise_painter.white_noise": "白噪",
    "axiom.editorui.mainmenu.window": "窗口",
    "axiom.editorui.window.create_shape.width": "宽度",
    "axiom.keymod.win_super": "Win",
    "axiom.tool.shatter.width": "宽度",
    "axiom.editorui.mainmenu.window.windows": "窗口",
    "axiom.editorui.window.blueprint_browser.file_browser_win": "Windows 资源管理器",
    "axiom.editorui.window.world_properties": "世界选项",
    "axiom.tool.noise_painter.worley_noise": "Worley",
    "axiom.editorui.window.tool_masks.mask_y": "Y 轴",
    "axiom.tool.shatter.axis_x": "X",
    "axiom.tool.shatter.axis_y": "Y",
    "axiom.tool.shatter.axis_z": "Z",
    "axiom.editorui.window.blueprint_browser.file_browser_other": "系统文件浏览器",
    "axiom.editorui.window.clipboard.n_blocks": "%s 个方块",
    "axiom.editorui.mainmenu.help.debug_info": "调试信息",
    "axiom.editorui.window.debug_info": "调试信息",
    "axiom.history_description.drained_n": "清除了 %s 个液体方块",
    "axiom.editorui.window.create_shape.height": "高度",
    "axiom.editorui.window.fill.do_fill": "执行填充",
    "axiom.editorui.mainmenu.help.reset_tutorial": "重看教程",
    "axiom.editorui.window.shrink_selection.shrink_selection_by": "缩小选取范围",
    "axiom.editorui.mainmenu.view.ui_scale": "界面缩放",
    "axiom.history_description.waterlogged_n": "调整 %s 个方块为含水的",
    "axiom.keybinds.crosshair_camera": "准心",
    "axiom.history_description.fill_nearest": "临近填充 （修改了 %s 个方块）",
    "axiom.capability.infinite_reach.title": "不再使手臂被原版可触及范围限制",
    "axiom.capability.infinite_reach.description": "移除原版手臂最大可触及范围限制",
    "axiom.tutorial.selection2": "%s 可用于填充选区内的方块。\n%s 允许替换方块。\n%s/%s/删除 以复制/剪切/删除",
    "axiom.editorui.window.keybinds.load_axiom_defaults": "Axiom默认设置",
    "axiom.editorui.window.style_editor.base_style": "基础样式",
    "axiom.editorui.window.keybinds.load_blender_defaults": "类似于 Blender",
    "axiom.editorui.window.style_editor.border_color": "边框",
    "axiom.editorui.window.style_editor.borders_category": "边框",
    "axiom.editorui.window.style_editor.button": "按钮",
    "axiom.editorui.window.style_editor.button_active": "按钮 (已激活)",
    "axiom.editorui.window.style_editor.button_hovered": "按钮（悬停状态）",
    "axiom.editorui.window.style_editor.checkmark": "复选标记",
    "axiom.editorui.window.style_editor.child_borders": "子边框",
    "axiom.editorui.window.style_editor.child_rounding": "子元素圆角",
    "axiom.editorui.window.style_editor.color": "颜色",
    "axiom.tutorial.continue": "继续",
    "axiom.editorui.window.style_editor.copied": "已复制！",
    "axiom.editorui.window.style_editor.custom_theme": "自定义主题",
    "axiom.editorui.window.style_editor.disabled_text": "禁用文本",
    "axiom.editorui.window.style_editor.docking_empty_background": "停靠空白背景",
    "axiom.editorui.window.style_editor.docking_preview": "停靠预览",
    "axiom.editorui.window.style_editor.drag_drop_target": "拖放目标区域",
    "axiom.editorui.window.style_editor.export_to_clipboard": "导出到剪贴板",
    "axiom.buildertool.clone.finish": "完成",
    "axiom.editorui.window.style_editor.frame_category": "框架",
    "axiom.editorui.window.style_editor.frame_background": "框架背景",
    "axiom.editorui.window.style_editor.frame_background_active": "框架背景 (已激活)",
    "axiom.editorui.window.style_editor.frame_background_hovered": "框架背景 (悬停状态)",
    "axiom.editorui.window.style_editor.frame_borders": "框架边框",
    "axiom.editorui.window.style_editor.frame_rounding": "框架圆角",
    "axiom.editorui.window.style_editor.header": "标题栏",
    "axiom.editorui.window.style_editor.header_hovered": "标题栏 (悬停状态)",
    "axiom.editorui.window.style_editor.header_active": "标题栏 (已激活)",
    "axiom.editorui.styles.imgui_dark": "ImGui 暗色主题",
    "axiom.editorui.styles.imgui_light": "ImGui 亮色主题",
    "axiom.editorui.window.style_editor.import_from_clipboard": "从剪贴板导入",
    "axiom.editorui.window.keybinds.load_default": "加载默认...",
    "axiom.editorui.window.style_editor.menu_bar_background": "菜单栏背景",
    "axiom.editorui.window.style_editor.other_category": "其他",
    "axiom.editorui.window.style_editor.popup_background": "弹出框背景",
    "axiom.editorui.window.style_editor.popup_borders": "弹出框边框",
    "axiom.editorui.window.style_editor.popup_rounding": "弹出框圆角",
    "axiom.editorui.window.style_editor.reset": "重置",
    "axiom.editorui.window.style_editor.resize_grip": "调整把手",
    "axiom.editorui.window.style_editor.resize_grip_active": "调整把手 (已激活)",
    "axiom.editorui.window.style_editor.resize_grip_hovered": "调整把手 (悬停状态)",
    "axiom.editorui.window.style_editor.revert": "恢复",
    "axiom.editorui.window.style_editor.rounding_category": "圆角",
    "axiom.editorui.window.style_editor.scrollbar_category": "滚动条",
    "axiom.editorui.window.style_editor.scrollbar_background": "滚动条背景",
    "axiom.editorui.window.style_editor.scrollbar_grab": "滚动条拖动区域",
    "axiom.editorui.window.style_editor.scrollbar_grab_active": "滚动条拖动区域 (已激活)",
    "axiom.editorui.window.style_editor.scrollbar_grab_hovered": "滚动条拖动区域 (悬停状态)",
    "axiom.editorui.window.style_editor.scrollbar_rounding": "滚动条圆角",
    "axiom.editorui.window.style_editor.separator": "分隔线",
    "axiom.editorui.window.style_editor.separator_active": "分隔线 (已激活)",
    "axiom.editorui.window.style_editor.separator_hovered": "分隔线 (悬停状态)",
    "axiom.editorui.window.style_editor.sizes": "尺寸",
    "axiom.editorui.window.style_editor.slider_grab": "滑块拖动区域",
    "axiom.editorui.window.style_editor.slider_grab_active": "滑块拖动区域 (已激活)",
    "axiom.editorui.window.style_editor.slider_grab_rounding": "滑块拖动区域圆角",
    "axiom.editorui.mainmenu.help.style_editor": "样式编辑器...",
    "axiom.editorui.window.style_editor": "样式编辑器",
    "axiom.editorui.window.style_editor.tab": "选项卡",
    "axiom.editorui.window.style_editor.tab_active": "选项卡 (已激活)",
    "axiom.editorui.window.style_editor.tab_hovered": "选项卡 (悬停状态)",
    "axiom.editorui.window.style_editor.tab_borders": "选项卡边框",
    "axiom.editorui.window.style_editor.tab_rounding": "选项卡圆角",
    "axiom.editorui.window.style_editor.table_border_light": "表格边框 (亮色)",
    "axiom.editorui.window.style_editor.table_border_strong": "表格边框 (粗线)",
    "axiom.editorui.window.style_editor.text": "文本",
    "axiom.editorui.window.style_editor.text_category": "文本",
    "axiom.editorui.window.style_editor.theme_name": "主题名称",
    "axiom.editorui.window.style_editor.theme_parameters": "主题参数",
    "axiom.tutorial.selection1": "这是一个选择区域。\n选择区域允许您将工具和操作应用于世界的特定部分。\n要清除选择区域，请按下回车键",
    "axiom.tutorial.box_select_tool1": "这是框选工具。\n它可以选择两点之间的方块",
    "axiom.tutorial.sculpt_draw_tool": "这是雕绘工具。\n它可以雕刻地形，根据表面法线拉动方块",
    "axiom.tutorial.magic_select_tool": "这是魔法选择工具。\n它选择相邻的相同类型方块",
    "axiom.tutorial.clentaminator_tool": "这是环境改造枪。\n它允许您使用地形和装饰预设进行绘制。\n如果您需要快速为区域添加风格，这将非常有用",
    "axiom.tutorial.slope_tool1": "这是坡度工具。\n它允许在两点之间创建地形坡度",
    "axiom.editorui.window.style_editor.title_background": "标题背景",
    "axiom.editorui.window.style_editor.title_background_active": "标题背景 (已激活)",
    "axiom.editorui.window.style_editor.title_background_collapsed": "标题背景 (悬停状态)",
    "axiom.tutorial.box_select_tool2": "要开始使用工具，请点击一个点，拖动鼠标到另一个点，然后释放。\n之后可以使用 可视化工具进行调整。\n要确认选择，请按回车键。",
    "axiom.tutorial.slope_tool2": "要使用该工具，请单击一次以设置目标位置。 然后，将鼠标移动到不同的位置并单击并拖动以在两点之间绘制斜坡",
    "axiom.editorui.window.style_editor.unfocused_tab": "未聚焦的选项卡",
    "axiom.editorui.window.style_editor.unfocused_tab_active": "未聚焦的选项卡 (已激活)",
    "axiom.editorui.window.style_editor.widget_category": "部件",
    "axiom.editorui.window.style_editor.window_category": "窗口",
    "axiom.editorui.window.style_editor.window_background": "窗口背景",
    "axiom.editorui.window.style_editor.window_borders": "窗口边框",
    "axiom.editorui.window.style_editor.window_rounding": "窗口圆角",
    "axiom.toasts.disabled": "'%s'已禁用",
    "axiom.toasts.enabled": "'%s'已启用",
    "axiom.buildertool.scroll_extend": "单击以扩展",
    "axiom.buildertool.erase.delete": "删除",
    "axiom.editorui.mainmenu.help.discord_server": "加入Discord服务器...",
    "axiom.editorui.mainmenu.help.documentation": "文档...",
    "axiom.tool.gradient_painter.gradient_interpolation_bezier": "贝塞尔曲线",
    "axiom.tool.clentaminator.crop_type": "农作物类型",
    "axiom.tool.clentaminator.crops": "农作物",
    "axiom.editorui.window.tool_masks.mode_dest": "仅目标",
    "axiom.editorui.window.palette.custom_empty": "空",
    "axiom.buildertool.erase": "擦除工具",
    "axiom.buildertool.erase.erase_box": "擦除边框",
    "axiom.buildertool.erase.erase_connected": "擦除已连接",
    "axiom.capability.fast_place.title": "快速放置",
    "axiom.tool.clentaminator.farmland": "耕地",
    "axiom.contextmenu.flight_momentum": "飞行动量:  %s%%",
    "axiom.tool.floodfill": "液体填充工具",
    "axiom.history_description.floodfilled": "填充了 %s 个方块",
    "axiom.tool.clentaminator.fully_grown": "完全成熟",
    "axiom.tool.gradient_painter.gradient": "渐变",
    "axiom.tool.gradient_painter": "渐变绘制工具",
    "axiom.tool.clentaminator.grass_block": "草",
    "axiom.contextmenu.infinite_reach_limit": "可触及范围限制到: %s 个方块",
    "axiom.contextmenu.infinite_reach_limit_none": "可触及范围为无限制",
    "axiom.tool.gradient_painter.gradient_interpolation": "函数插值法",
    "axiom.contextmenu.liquid_opacity": "液体不透明度: %s%%",
    "axiom.tool.gradient_painter.gradient_interpolation_linear": "线性",
    "axiom.contextmenu.min_brightness": "最低亮度: %s%%",
    "axiom.editorui.window.tool_masks.mode": "模式",
    "axiom.history_description.modified": "已修改 %s 个方块",
    "axiom.tool.clentaminator.moist_farmland": "浸湿的耕地",
    "axiom.tool.gradient_painter.gradient_interpolation_nearest": "最近的",
    "axiom.capability.fast_place.description": "以控制的方式快速放置方块",
    "axiom.tool.gradient_painter.gradient_shape_plane": "平面",
    "axiom.tool.gradient_painter.gradient_shape": "形状",
    "axiom.editorui.window.tool_masks.mode_source": "仅源",
    "axiom.tool.gradient_painter.gradient_shape_sphere": "球体",
    "axiom.editorui.window.tool_masks.mode_source_and_dest": "源和目标",
    "axiom.tool.clentaminator.tall_grass_block": "高草",
    "axiom.tool.noise_painter.splatter_noise": "Splatter",
    "axiom.keybind.toggle_fast_place_cap": "切换快速放置",
    "axiom.contextmenu.type_replace": "类型替换",
    "axiom.keybind.toggle_infinite_reach_cap": "切换可触及范围",
    "axiom.editorui.window.palette.unknown_custom_block": "未知的自定义方块"
}
